<?xml version="1.0" encoding="UTF-8"?>
<gpx creator="StravaGPX" version="1.1" xmlns="http://www.topografix.com/GPX/1/1" xmlns:xsi="http://www.w3.org/2001/XMLSchema-instance" xsi:schemaLocation="http://www.topografix.com/GPX/1/1 http://www.topografix.com/GPX/1/1/gpx.xsd">
 <metadata>
  <name>Exhaustive</name>
  <author>
   <name>Jim Wright</name>
   <link href="https://www.strava.com/athletes/68649344"/>
  </author>
  <copyright author="OpenStreetMap contributors">
   <year>2020</year>
   <license>https://www.openstreetmap.org/copyright</license>
  </copyright>
  <link href="https://www.strava.com/routes/3542223389337477208"/>
 </metadata>
 <wpt lat="49.27033" lon="-122.89341">
  <name></name>
  <sym>Parking</sym>
  <type>Parking</type>
 </wpt>
 <trk>
  <name>Exhaustive</name>
  <link href="https://www.strava.com/routes/3542223389337477208"/>
  <type>running</type>
  <trkseg>
   <trkpt lat="49.270320000000005" lon="-122.89341000000002">
    <ele>123.80000000000001</ele>
   </trkpt>
   <trkpt lat="49.270430000000005" lon="-122.89342">
    <ele>124.61000000000001</ele>
   </trkpt>
   <trkpt lat="49.27042" lon="-122.89383000000001">
    <ele>124.74</ele>
   </trkpt>
   <trkpt lat="49.270360000000004" lon="-122.89417000000002">
    <ele>124.4</ele>
   </trkpt>
   <trkpt lat="49.27022" lon="-122.89467">
    <ele>123.09</ele>
   </trkpt>
   <trkpt lat="49.27022" lon="-122.89468000000001">
    <ele>123.05</ele>
   </trkpt>
   <trkpt lat="49.270270000000004" lon="-122.89449">
    <ele>123.91</ele>
   </trkpt>
   <trkpt lat="49.270210000000006" lon="-122.89462">
    <ele>123.2</ele>
   </trkpt>
   <trkpt lat="49.27013" lon="-122.89462">
    <ele>122.42000000000002</ele>
   </trkpt>
   <trkpt lat="49.269870000000004" lon="-122.89444">
    <ele>119.8</ele>
   </trkpt>
   <trkpt lat="49.269690000000004" lon="-122.89441000000001">
    <ele>116.80000000000001</ele>
   </trkpt>
   <trkpt lat="49.269420000000004" lon="-122.89445">
    <ele>113.93</ele>
   </trkpt>
   <trkpt lat="49.269220000000004" lon="-122.89462">
    <ele>111.98</ele>
   </trkpt>
   <trkpt lat="49.26908" lon="-122.89462">
    <ele>108.79</ele>
   </trkpt>
   <trkpt lat="49.26876000000001" lon="-122.89441000000001">
    <ele>104.11</ele>
   </trkpt>
   <trkpt lat="49.268600000000006" lon="-122.89422">
    <ele>102.01</ele>
   </trkpt>
   <trkpt lat="49.268510000000006" lon="-122.89417000000002">
    <ele>100.14</ele>
   </trkpt>
   <trkpt lat="49.26832" lon="-122.89418">
    <ele>97.07000000000001</ele>
   </trkpt>
   <trkpt lat="49.268060000000006" lon="-122.89436">
    <ele>91.04</ele>
   </trkpt>
   <trkpt lat="49.26796" lon="-122.89436">
    <ele>89.38</ele>
   </trkpt>
   <trkpt lat="49.26751" lon="-122.89422">
    <ele>83.17</ele>
   </trkpt>
   <trkpt lat="49.267300000000006" lon="-122.89395">
    <ele>81.84</ele>
   </trkpt>
   <trkpt lat="49.26722" lon="-122.89391">
    <ele>81.52000000000001</ele>
   </trkpt>
   <trkpt lat="49.26708000000001" lon="-122.89387">
    <ele>80.4</ele>
   </trkpt>
   <trkpt lat="49.26684" lon="-122.89377">
    <ele>79.64</ele>
   </trkpt>
   <trkpt lat="49.26659" lon="-122.89378">
    <ele>75.83000000000001</ele>
   </trkpt>
   <trkpt lat="49.266450000000006" lon="-122.89370000000001">
    <ele>73.61000000000001</ele>
   </trkpt>
   <trkpt lat="49.266380000000005" lon="-122.89365000000001">
    <ele>72.95</ele>
   </trkpt>
   <trkpt lat="49.26632000000001" lon="-122.89428000000001">
    <ele>71.53000000000002</ele>
   </trkpt>
   <trkpt lat="49.266310000000004" lon="-122.89472">
    <ele>70.37</ele>
   </trkpt>
   <trkpt lat="49.26624" lon="-122.89503">
    <ele>69.8</ele>
   </trkpt>
   <trkpt lat="49.266270000000006" lon="-122.89517000000001">
    <ele>69.8</ele>
   </trkpt>
   <trkpt lat="49.26633" lon="-122.89526000000001">
    <ele>69.55</ele>
   </trkpt>
   <trkpt lat="49.266310000000004" lon="-122.89556">
    <ele>69.37</ele>
   </trkpt>
   <trkpt lat="49.266200000000005" lon="-122.89601">
    <ele>69.18</ele>
   </trkpt>
   <trkpt lat="49.26596000000001" lon="-122.89655">
    <ele>67.93</ele>
   </trkpt>
   <trkpt lat="49.2659" lon="-122.89704">
    <ele>68.19</ele>
   </trkpt>
   <trkpt lat="49.26605000000001" lon="-122.89766000000002">
    <ele>69.77000000000001</ele>
   </trkpt>
   <trkpt lat="49.266040000000004" lon="-122.89771">
    <ele>69.77000000000001</ele>
   </trkpt>
   <trkpt lat="49.2661" lon="-122.89794">
    <ele>70.43</ele>
   </trkpt>
   <trkpt lat="49.26644" lon="-122.89852">
    <ele>73.50000000000001</ele>
   </trkpt>
   <trkpt lat="49.26671" lon="-122.89874">
    <ele>73.89000000000001</ele>
   </trkpt>
   <trkpt lat="49.26697" lon="-122.89883">
    <ele>75.09</ele>
   </trkpt>
   <trkpt lat="49.26713" lon="-122.89896000000002">
    <ele>75.89000000000001</ele>
   </trkpt>
   <trkpt lat="49.26717000000001" lon="-122.89897">
    <ele>75.89000000000001</ele>
   </trkpt>
   <trkpt lat="49.267300000000006" lon="-122.89888">
    <ele>76.59</ele>
   </trkpt>
   <trkpt lat="49.26746000000001" lon="-122.89865">
    <ele>78.39</ele>
   </trkpt>
   <trkpt lat="49.26758" lon="-122.89869000000002">
    <ele>80.05000000000001</ele>
   </trkpt>
   <trkpt lat="49.26773000000001" lon="-122.89866">
    <ele>81.52000000000001</ele>
   </trkpt>
   <trkpt lat="49.26785" lon="-122.89878000000002">
    <ele>83.18</ele>
   </trkpt>
   <trkpt lat="49.268010000000004" lon="-122.89880000000001">
    <ele>84.62</ele>
   </trkpt>
   <trkpt lat="49.268080000000005" lon="-122.89879">
    <ele>85.15</ele>
   </trkpt>
   <trkpt lat="49.26825" lon="-122.89864000000001">
    <ele>88.04</ele>
   </trkpt>
   <trkpt lat="49.26825" lon="-122.89865">
    <ele>87.94</ele>
   </trkpt>
   <trkpt lat="49.2683" lon="-122.89860000000002">
    <ele>88.53000000000002</ele>
   </trkpt>
   <trkpt lat="49.26840000000001" lon="-122.89843">
    <ele>91.67</ele>
   </trkpt>
   <trkpt lat="49.26867000000001" lon="-122.89817000000001">
    <ele>92.95</ele>
   </trkpt>
   <trkpt lat="49.26876000000001" lon="-122.89813000000001">
    <ele>93.75000000000001</ele>
   </trkpt>
   <trkpt lat="49.26896000000001" lon="-122.89812">
    <ele>95.30000000000001</ele>
   </trkpt>
   <trkpt lat="49.269000000000005" lon="-122.89811000000002">
    <ele>96.74000000000001</ele>
   </trkpt>
   <trkpt lat="49.26906" lon="-122.89802000000002">
    <ele>96.74000000000001</ele>
   </trkpt>
   <trkpt lat="49.26915" lon="-122.89769000000001">
    <ele>99.25</ele>
   </trkpt>
   <trkpt lat="49.26914000000001" lon="-122.89771">
    <ele>99.19000000000001</ele>
   </trkpt>
   <trkpt lat="49.269360000000006" lon="-122.89699000000002">
    <ele>103.63000000000001</ele>
   </trkpt>
   <trkpt lat="49.269560000000006" lon="-122.89661000000001">
    <ele>105.32000000000001</ele>
   </trkpt>
   <trkpt lat="49.26955" lon="-122.89662000000001">
    <ele>105.28000000000002</ele>
   </trkpt>
   <trkpt lat="49.26963000000001" lon="-122.89645000000002">
    <ele>106.54</ele>
   </trkpt>
   <trkpt lat="49.26966" lon="-122.89615">
    <ele>108.63</ele>
   </trkpt>
   <trkpt lat="49.26972000000001" lon="-122.89597">
    <ele>109.92</ele>
   </trkpt>
   <trkpt lat="49.269830000000006" lon="-122.89582000000001">
    <ele>112.76</ele>
   </trkpt>
   <trkpt lat="49.269890000000004" lon="-122.89567000000001">
    <ele>114.68</ele>
   </trkpt>
   <trkpt lat="49.26999000000001" lon="-122.89542000000002">
    <ele>117.46000000000001</ele>
   </trkpt>
   <trkpt lat="49.27" lon="-122.89542000000002">
    <ele>117.54</ele>
   </trkpt>
   <trkpt lat="49.26997" lon="-122.89538">
    <ele>117.04</ele>
   </trkpt>
   <trkpt lat="49.26982" lon="-122.89538">
    <ele>115.22</ele>
   </trkpt>
   <trkpt lat="49.26966" lon="-122.89550000000001">
    <ele>111.85000000000001</ele>
   </trkpt>
   <trkpt lat="49.269650000000006" lon="-122.89552">
    <ele>111.64</ele>
   </trkpt>
   <trkpt lat="49.26948" lon="-122.89587000000002">
    <ele>107.31</ele>
   </trkpt>
   <trkpt lat="49.268890000000006" lon="-122.89659">
    <ele>98.19000000000001</ele>
   </trkpt>
   <trkpt lat="49.26888" lon="-122.8966">
    <ele>98.15</ele>
   </trkpt>
   <trkpt lat="49.26878000000001" lon="-122.89673">
    <ele>96.52000000000001</ele>
   </trkpt>
   <trkpt lat="49.268550000000005" lon="-122.89690000000002">
    <ele>93.42</ele>
   </trkpt>
   <trkpt lat="49.26818000109638" lon="-122.8973800034671">
    <ele>89.74000000000001</ele>
   </trkpt>
   <trkpt lat="49.267810000000004" lon="-122.89786000000001">
    <ele>85.09000000000002</ele>
   </trkpt>
   <trkpt lat="49.267590000000006" lon="-122.89794">
    <ele>83.48</ele>
   </trkpt>
   <trkpt lat="49.267410000000005" lon="-122.89811000000002">
    <ele>82.02000000000001</ele>
   </trkpt>
   <trkpt lat="49.267010000000006" lon="-122.89874">
    <ele>75.73</ele>
   </trkpt>
   <trkpt lat="49.26697" lon="-122.89883">
    <ele>75.09</ele>
   </trkpt>
   <trkpt lat="49.26713" lon="-122.89896000000002">
    <ele>75.89000000000001</ele>
   </trkpt>
   <trkpt lat="49.26717000000001" lon="-122.89897">
    <ele>75.89000000000001</ele>
   </trkpt>
   <trkpt lat="49.267300000000006" lon="-122.89888">
    <ele>76.59</ele>
   </trkpt>
   <trkpt lat="49.26746000000001" lon="-122.89865">
    <ele>78.39</ele>
   </trkpt>
   <trkpt lat="49.26758" lon="-122.89869000000002">
    <ele>80.05000000000001</ele>
   </trkpt>
   <trkpt lat="49.26773000000001" lon="-122.89866">
    <ele>81.52000000000001</ele>
   </trkpt>
   <trkpt lat="49.26785" lon="-122.89878000000002">
    <ele>83.18</ele>
   </trkpt>
   <trkpt lat="49.268010000000004" lon="-122.89880000000001">
    <ele>84.62</ele>
   </trkpt>
   <trkpt lat="49.268080000000005" lon="-122.89879">
    <ele>85.15</ele>
   </trkpt>
   <trkpt lat="49.26822000000001" lon="-122.89869000000002">
    <ele>87.49000000000001</ele>
   </trkpt>
   <trkpt lat="49.2683" lon="-122.89860000000002">
    <ele>88.53000000000002</ele>
   </trkpt>
   <trkpt lat="49.26840000000001" lon="-122.89843">
    <ele>91.67</ele>
   </trkpt>
   <trkpt lat="49.26867000000001" lon="-122.89817000000001">
    <ele>92.95</ele>
   </trkpt>
   <trkpt lat="49.26876000000001" lon="-122.89813000000001">
    <ele>93.75000000000001</ele>
   </trkpt>
   <trkpt lat="49.26896000000001" lon="-122.89812">
    <ele>95.30000000000001</ele>
   </trkpt>
   <trkpt lat="49.269000000000005" lon="-122.89811000000002">
    <ele>96.74000000000001</ele>
   </trkpt>
   <trkpt lat="49.26906" lon="-122.89802000000002">
    <ele>96.74000000000001</ele>
   </trkpt>
   <trkpt lat="49.26923000000001" lon="-122.89816">
    <ele>91.62</ele>
   </trkpt>
   <trkpt lat="49.269220000000004" lon="-122.89817000000001">
    <ele>91.62</ele>
   </trkpt>
   <trkpt lat="49.269600000000004" lon="-122.89704">
    <ele>101.5</ele>
   </trkpt>
   <trkpt lat="49.269600000000004" lon="-122.89687">
    <ele>103.70000000000002</ele>
   </trkpt>
   <trkpt lat="49.269780000000004" lon="-122.89619">
    <ele>109.42</ele>
   </trkpt>
   <trkpt lat="49.269830000000006" lon="-122.89582000000001">
    <ele>112.76</ele>
   </trkpt>
   <trkpt lat="49.27" lon="-122.89542000000002">
    <ele>117.53</ele>
   </trkpt>
   <trkpt lat="49.270030000000006" lon="-122.89521">
    <ele>120.03000000000002</ele>
   </trkpt>
   <trkpt lat="49.27015" lon="-122.89494">
    <ele>121.9</ele>
   </trkpt>
   <trkpt lat="49.270300000000006" lon="-122.8944">
    <ele>124.53000000000002</ele>
   </trkpt>
   <trkpt lat="49.27037000000001" lon="-122.89431">
    <ele>125.23</ele>
   </trkpt>
   <trkpt lat="49.27046000000001" lon="-122.89428000000001">
    <ele>125.23</ele>
   </trkpt>
   <trkpt lat="49.270700000000005" lon="-122.89444">
    <ele>127.55</ele>
   </trkpt>
   <trkpt lat="49.270900000000005" lon="-122.89450000000001">
    <ele>129.82000000000002</ele>
   </trkpt>
   <trkpt lat="49.27134" lon="-122.89494">
    <ele>133.22</ele>
   </trkpt>
   <trkpt lat="49.271840000000005" lon="-122.89503">
    <ele>138.27</ele>
   </trkpt>
   <trkpt lat="49.27194" lon="-122.89499">
    <ele>139.08</ele>
   </trkpt>
   <trkpt lat="49.27207000000001" lon="-122.89486000000001">
    <ele>140.52</ele>
   </trkpt>
   <trkpt lat="49.27215" lon="-122.89485">
    <ele>140.52</ele>
   </trkpt>
   <trkpt lat="49.272270000000006" lon="-122.89486000000001">
    <ele>142.18</ele>
   </trkpt>
   <trkpt lat="49.272400000000005" lon="-122.89499">
    <ele>142.75</ele>
   </trkpt>
   <trkpt lat="49.27266" lon="-122.89499">
    <ele>145.03000000000003</ele>
   </trkpt>
   <trkpt lat="49.27286" lon="-122.89494">
    <ele>146.18</ele>
   </trkpt>
   <trkpt lat="49.27310000000001" lon="-122.8948">
    <ele>147.18</ele>
   </trkpt>
   <trkpt lat="49.273210000000006" lon="-122.89476">
    <ele>147.18</ele>
   </trkpt>
   <trkpt lat="49.27338" lon="-122.89485">
    <ele>148.3</ele>
   </trkpt>
   <trkpt lat="49.27353" lon="-122.89498">
    <ele>148.88</ele>
   </trkpt>
   <trkpt lat="49.273830000000004" lon="-122.89510000000001">
    <ele>150.1</ele>
   </trkpt>
   <trkpt lat="49.27396" lon="-122.89521">
    <ele>150.4</ele>
   </trkpt>
   <trkpt lat="49.27449000000001" lon="-122.89526000000001">
    <ele>153.46</ele>
   </trkpt>
   <trkpt lat="49.27476" lon="-122.89534">
    <ele>155.19000000000003</ele>
   </trkpt>
   <trkpt lat="49.27501" lon="-122.89533000000002">
    <ele>156.23000000000002</ele>
   </trkpt>
   <trkpt lat="49.27552000000001" lon="-122.89504000000001">
    <ele>155.96</ele>
   </trkpt>
   <trkpt lat="49.275780000000005" lon="-122.8948">
    <ele>156.12</ele>
   </trkpt>
   <trkpt lat="49.275920000000006" lon="-122.89471">
    <ele>156.44000000000003</ele>
   </trkpt>
   <trkpt lat="49.27602" lon="-122.89462">
    <ele>156.3</ele>
   </trkpt>
   <trkpt lat="49.276050000000005" lon="-122.89452000000001">
    <ele>156.17</ele>
   </trkpt>
   <trkpt lat="49.27606" lon="-122.89453">
    <ele>156.19000000000003</ele>
   </trkpt>
   <trkpt lat="49.27606" lon="-122.89435000000002">
    <ele>156.19000000000003</ele>
   </trkpt>
   <trkpt lat="49.27609" lon="-122.89427">
    <ele>155.08</ele>
   </trkpt>
   <trkpt lat="49.27617000000001" lon="-122.89417000000002">
    <ele>155.08</ele>
   </trkpt>
   <trkpt lat="49.27622" lon="-122.89401000000001">
    <ele>154.29000000000002</ele>
   </trkpt>
   <trkpt lat="49.27624" lon="-122.89390000000002">
    <ele>154.29000000000002</ele>
   </trkpt>
   <trkpt lat="49.2762" lon="-122.89372000000002">
    <ele>154.02</ele>
   </trkpt>
   <trkpt lat="49.27658" lon="-122.89373">
    <ele>155.54000000000002</ele>
   </trkpt>
   <trkpt lat="49.2766" lon="-122.89395">
    <ele>156.58</ele>
   </trkpt>
   <trkpt lat="49.27653" lon="-122.89404">
    <ele>157.09</ele>
   </trkpt>
   <trkpt lat="49.27651" lon="-122.89414000000001">
    <ele>157.73000000000002</ele>
   </trkpt>
   <trkpt lat="49.27657000000001" lon="-122.89427">
    <ele>157.96</ele>
   </trkpt>
   <trkpt lat="49.2766" lon="-122.89427">
    <ele>158.21</ele>
   </trkpt>
   <trkpt lat="49.27662" lon="-122.89432000000001">
    <ele>158.21</ele>
   </trkpt>
   <trkpt lat="49.27673" lon="-122.8944">
    <ele>158.21</ele>
   </trkpt>
   <trkpt lat="49.276860000000006" lon="-122.89462">
    <ele>160.73000000000002</ele>
   </trkpt>
   <trkpt lat="49.27704000000001" lon="-122.89462">
    <ele>161.94</ele>
   </trkpt>
   <trkpt lat="49.27731000000001" lon="-122.89476">
    <ele>163.35000000000002</ele>
   </trkpt>
   <trkpt lat="49.277660000000004" lon="-122.89472">
    <ele>163.82000000000002</ele>
   </trkpt>
   <trkpt lat="49.2779" lon="-122.89467">
    <ele>163.33</ele>
   </trkpt>
   <trkpt lat="49.27808" lon="-122.89457000000002">
    <ele>163.22</ele>
   </trkpt>
   <trkpt lat="49.278200000000005" lon="-122.89453">
    <ele>163.51000000000002</ele>
   </trkpt>
   <trkpt lat="49.278420000000004" lon="-122.89462">
    <ele>164.84</ele>
   </trkpt>
   <trkpt lat="49.27864" lon="-122.89485">
    <ele>167.13</ele>
   </trkpt>
   <trkpt lat="49.27873" lon="-122.89489">
    <ele>167.23000000000002</ele>
   </trkpt>
   <trkpt lat="49.278830000000006" lon="-122.89489">
    <ele>167.01000000000002</ele>
   </trkpt>
   <trkpt lat="49.27933" lon="-122.89476">
    <ele>165.59</ele>
   </trkpt>
   <trkpt lat="49.27949" lon="-122.89477000000001">
    <ele>166.24</ele>
   </trkpt>
   <trkpt lat="49.27957000000001" lon="-122.89485">
    <ele>166.63</ele>
   </trkpt>
   <trkpt lat="49.279740000000004" lon="-122.89512">
    <ele>169.02</ele>
   </trkpt>
   <trkpt lat="49.27984000000001" lon="-122.89520000000002">
    <ele>169.43000000000004</ele>
   </trkpt>
   <trkpt lat="49.280010000000004" lon="-122.89525">
    <ele>169.62</ele>
   </trkpt>
   <trkpt lat="49.280080000000005" lon="-122.89531000000001">
    <ele>170.21</ele>
   </trkpt>
   <trkpt lat="49.280100000000004" lon="-122.89537000000001">
    <ele>170.21</ele>
   </trkpt>
   <trkpt lat="49.280100000000004" lon="-122.89536000000001">
    <ele>170.21</ele>
   </trkpt>
   <trkpt lat="49.28016" lon="-122.89551000000002">
    <ele>171.66</ele>
   </trkpt>
   <trkpt lat="49.28023" lon="-122.89574">
    <ele>173.43</ele>
   </trkpt>
   <trkpt lat="49.280330000000006" lon="-122.89589000000001">
    <ele>174.27</ele>
   </trkpt>
   <trkpt lat="49.28045" lon="-122.89597">
    <ele>173.82</ele>
   </trkpt>
   <trkpt lat="49.28079" lon="-122.89608000000001">
    <ele>169.69</ele>
   </trkpt>
   <trkpt lat="49.280950000000004" lon="-122.89601">
    <ele>167.68</ele>
   </trkpt>
   <trkpt lat="49.281000000000006" lon="-122.89588">
    <ele>165.34</ele>
   </trkpt>
   <trkpt lat="49.28098000000001" lon="-122.89538">
    <ele>160.47</ele>
   </trkpt>
   <trkpt lat="49.280860000000004" lon="-122.89484000000002">
    <ele>156.81</ele>
   </trkpt>
   <trkpt lat="49.2809" lon="-122.89467">
    <ele>155.39</ele>
   </trkpt>
   <trkpt lat="49.280950000000004" lon="-122.89458">
    <ele>154.43</ele>
   </trkpt>
   <trkpt lat="49.281000000000006" lon="-122.89453">
    <ele>151.14000000000001</ele>
   </trkpt>
   <trkpt lat="49.28105000000001" lon="-122.89454">
    <ele>151.14000000000001</ele>
   </trkpt>
   <trkpt lat="49.281200000000005" lon="-122.89467">
    <ele>148.77</ele>
   </trkpt>
   <trkpt lat="49.28135" lon="-122.89486000000001">
    <ele>147.95000000000002</ele>
   </trkpt>
   <trkpt lat="49.28157" lon="-122.89503">
    <ele>144.53000000000003</ele>
   </trkpt>
   <trkpt lat="49.28166" lon="-122.89516">
    <ele>143.56000000000003</ele>
   </trkpt>
   <trkpt lat="49.28166" lon="-122.89515000000002">
    <ele>143.56000000000003</ele>
   </trkpt>
   <trkpt lat="49.281740000000006" lon="-122.89529000000002">
    <ele>143.29</ele>
   </trkpt>
   <trkpt lat="49.281800000000004" lon="-122.89534">
    <ele>142.91</ele>
   </trkpt>
   <trkpt lat="49.282090000000004" lon="-122.89540000000001">
    <ele>136.3</ele>
   </trkpt>
   <trkpt lat="49.28217" lon="-122.89547">
    <ele>134.39000000000001</ele>
   </trkpt>
   <trkpt lat="49.282250000000005" lon="-122.89565">
    <ele>133.20000000000002</ele>
   </trkpt>
   <trkpt lat="49.282300000000006" lon="-122.89588">
    <ele>133.68</ele>
   </trkpt>
   <trkpt lat="49.28257000000001" lon="-122.89625000000001">
    <ele>129.93</ele>
   </trkpt>
   <trkpt lat="49.28273" lon="-122.89641">
    <ele>128.09</ele>
   </trkpt>
   <trkpt lat="49.28278" lon="-122.89655">
    <ele>127.04</ele>
   </trkpt>
   <trkpt lat="49.28285" lon="-122.89691">
    <ele>127.48</ele>
   </trkpt>
   <trkpt lat="49.28307" lon="-122.89739000000002">
    <ele>127.23</ele>
   </trkpt>
   <trkpt lat="49.28307" lon="-122.89738000000001">
    <ele>127.23</ele>
   </trkpt>
   <trkpt lat="49.28316" lon="-122.89786000000001">
    <ele>126.82000000000001</ele>
   </trkpt>
   <trkpt lat="49.283370000000005" lon="-122.89852">
    <ele>126.78</ele>
   </trkpt>
   <trkpt lat="49.28358" lon="-122.89844000000001">
    <ele>122.33000000000001</ele>
   </trkpt>
   <trkpt lat="49.28389000000001" lon="-122.89816">
    <ele>114.99000000000001</ele>
   </trkpt>
   <trkpt lat="49.284020000000005" lon="-122.89808000000001">
    <ele>108.96000000000001</ele>
   </trkpt>
   <trkpt lat="49.284220000000005" lon="-122.89807">
    <ele>106.9</ele>
   </trkpt>
   <trkpt lat="49.284400000000005" lon="-122.89808000000001">
    <ele>100.25</ele>
   </trkpt>
   <trkpt lat="49.28441" lon="-122.89807">
    <ele>100.25</ele>
   </trkpt>
   <trkpt lat="49.284420000000004" lon="-122.89806000000002">
    <ele>100.35000000000001</ele>
   </trkpt>
   <trkpt lat="49.28452" lon="-122.89793000000002">
    <ele>97.28</ele>
   </trkpt>
   <trkpt lat="49.284580000000005" lon="-122.8979">
    <ele>95.14</ele>
   </trkpt>
   <trkpt lat="49.284740000000006" lon="-122.89799000000001">
    <ele>88.47</ele>
   </trkpt>
   <trkpt lat="49.28482" lon="-122.89802000000002">
    <ele>88.47</ele>
   </trkpt>
   <trkpt lat="49.28499" lon="-122.89795000000001">
    <ele>88.47</ele>
   </trkpt>
   <trkpt lat="49.2852" lon="-122.89808000000001">
    <ele>78.80000000000001</ele>
   </trkpt>
   <trkpt lat="49.285270000000004" lon="-122.89807">
    <ele>78.80000000000001</ele>
   </trkpt>
   <trkpt lat="49.28538" lon="-122.89821">
    <ele>76.79</ele>
   </trkpt>
   <trkpt lat="49.285560000000004" lon="-122.8983">
    <ele>71.07000000000001</ele>
   </trkpt>
   <trkpt lat="49.285720000000005" lon="-122.89848">
    <ele>67.7</ele>
   </trkpt>
   <trkpt lat="49.286030000000004" lon="-122.89861">
    <ele>61.53000000000001</ele>
   </trkpt>
   <trkpt lat="49.286390000000004" lon="-122.89879">
    <ele>55.040000000000006</ele>
   </trkpt>
   <trkpt lat="49.286350000000006" lon="-122.89889000000001">
    <ele>55.120000000000005</ele>
   </trkpt>
   <trkpt lat="49.286260000000006" lon="-122.89906">
    <ele>55.300000000000004</ele>
   </trkpt>
   <trkpt lat="49.28618" lon="-122.89920000000001">
    <ele>56.5</ele>
   </trkpt>
   <trkpt lat="49.28605" lon="-122.89932">
    <ele>57.92</ele>
   </trkpt>
   <trkpt lat="49.286010000000005" lon="-122.8995">
    <ele>59.35000000000001</ele>
   </trkpt>
   <trkpt lat="49.285920000000004" lon="-122.89964">
    <ele>59.910000000000004</ele>
   </trkpt>
   <trkpt lat="49.285880000000006" lon="-122.89977">
    <ele>60.39000000000001</ele>
   </trkpt>
   <trkpt lat="49.285880000000006" lon="-122.89986">
    <ele>60.730000000000004</ele>
   </trkpt>
   <trkpt lat="49.285900000000005" lon="-122.90009">
    <ele>60.33</ele>
   </trkpt>
   <trkpt lat="49.285970000000006" lon="-122.90018">
    <ele>59.300000000000004</ele>
   </trkpt>
   <trkpt lat="49.286080000000005" lon="-122.90027">
    <ele>57.31</ele>
   </trkpt>
   <trkpt lat="49.286120000000004" lon="-122.90066000000002">
    <ele>54.650000000000006</ele>
   </trkpt>
   <trkpt lat="49.286170000000006" lon="-122.90085">
    <ele>53.31</ele>
   </trkpt>
   <trkpt lat="49.28631000000001" lon="-122.90116">
    <ele>50.03</ele>
   </trkpt>
   <trkpt lat="49.286370000000005" lon="-122.90193000000001">
    <ele>47.17</ele>
   </trkpt>
   <trkpt lat="49.28638" lon="-122.90229000000001">
    <ele>46.84</ele>
   </trkpt>
   <trkpt lat="49.28632" lon="-122.90281000000002">
    <ele>51.160000000000004</ele>
   </trkpt>
   <trkpt lat="49.28611" lon="-122.90317000000002">
    <ele>60.620000000000005</ele>
   </trkpt>
   <trkpt lat="49.28605" lon="-122.90330000000002">
    <ele>62.75</ele>
   </trkpt>
   <trkpt lat="49.28591" lon="-122.90395000000001">
    <ele>65.31</ele>
   </trkpt>
   <trkpt lat="49.28593000000001" lon="-122.90478000000002">
    <ele>62.06</ele>
   </trkpt>
   <trkpt lat="49.285990000000005" lon="-122.90527000000002">
    <ele>57.790000000000006</ele>
   </trkpt>
   <trkpt lat="49.28596" lon="-122.906">
    <ele>58.64</ele>
   </trkpt>
   <trkpt lat="49.28609" lon="-122.9064">
    <ele>59.75</ele>
   </trkpt>
   <trkpt lat="49.28611" lon="-122.90694">
    <ele>62.27</ele>
   </trkpt>
   <trkpt lat="49.286170000000006" lon="-122.90743">
    <ele>62.620000000000005</ele>
   </trkpt>
   <trkpt lat="49.286190000000005" lon="-122.90797">
    <ele>62.160000000000004</ele>
   </trkpt>
   <trkpt lat="49.286260000000006" lon="-122.90837">
    <ele>61.88</ele>
   </trkpt>
   <trkpt lat="49.286300000000004" lon="-122.90895">
    <ele>61.69</ele>
   </trkpt>
   <trkpt lat="49.28633000000001" lon="-122.90998">
    <ele>65.63000000000001</ele>
   </trkpt>
   <trkpt lat="49.286300000000004" lon="-122.91061">
    <ele>70.54</ele>
   </trkpt>
   <trkpt lat="49.28631000000001" lon="-122.91146">
    <ele>69.47</ele>
   </trkpt>
   <trkpt lat="49.286390000000004" lon="-122.91199">
    <ele>64.38000000000001</ele>
   </trkpt>
   <trkpt lat="49.286350000000006" lon="-122.9124">
    <ele>62.95</ele>
   </trkpt>
   <trkpt lat="49.286390000000004" lon="-122.91312">
    <ele>64.98</ele>
   </trkpt>
   <trkpt lat="49.286350000000006" lon="-122.91423">
    <ele>62.83000000000001</ele>
   </trkpt>
   <trkpt lat="49.286300000000004" lon="-122.91441">
    <ele>62.25000000000001</ele>
   </trkpt>
   <trkpt lat="49.286350000000006" lon="-122.91483000000001">
    <ele>59.2</ele>
   </trkpt>
   <trkpt lat="49.286390007235724" lon="-122.91612499895139">
    <ele>47.39</ele>
   </trkpt>
   <trkpt lat="49.28643" lon="-122.91742">
    <ele>44.31</ele>
   </trkpt>
   <trkpt lat="49.28638" lon="-122.91782">
    <ele>45.970000000000006</ele>
   </trkpt>
   <trkpt lat="49.28645" lon="-122.91822">
    <ele>49.7</ele>
   </trkpt>
   <trkpt lat="49.28649" lon="-122.91884">
    <ele>51.88</ele>
   </trkpt>
   <trkpt lat="49.28649" lon="-122.91911">
    <ele>51.96000000000001</ele>
   </trkpt>
   <trkpt lat="49.28658" lon="-122.91965">
    <ele>53.09</ele>
   </trkpt>
   <trkpt lat="49.28677500281658" lon="-122.92045499690146">
    <ele>49.71</ele>
   </trkpt>
   <trkpt lat="49.286970000000004" lon="-122.92126">
    <ele>44.09</ele>
   </trkpt>
   <trkpt lat="49.2871" lon="-122.92167">
    <ele>40.550000000000004</ele>
   </trkpt>
   <trkpt lat="49.287240000000004" lon="-122.92181000000001">
    <ele>38.86000000000001</ele>
   </trkpt>
   <trkpt lat="49.287400000000005" lon="-122.92189">
    <ele>37.910000000000004</ele>
   </trkpt>
   <trkpt lat="49.287620000000004" lon="-122.92197000000002">
    <ele>36.51</ele>
   </trkpt>
   <trkpt lat="49.28783000000001" lon="-122.92194">
    <ele>35.68</ele>
   </trkpt>
   <trkpt lat="49.287870000000005" lon="-122.92198">
    <ele>35.620000000000005</ele>
   </trkpt>
   <trkpt lat="49.2879" lon="-122.92207">
    <ele>35.59</ele>
   </trkpt>
   <trkpt lat="49.287960000000005" lon="-122.92278">
    <ele>35.85</ele>
   </trkpt>
   <trkpt lat="49.28802" lon="-122.92315">
    <ele>36.76</ele>
   </trkpt>
   <trkpt lat="49.288270000000004" lon="-122.92396000000001">
    <ele>39.589999999999996</ele>
   </trkpt>
   <trkpt lat="49.288070000000005" lon="-122.92413">
    <ele>40.230000000000004</ele>
   </trkpt>
   <trkpt lat="49.28815" lon="-122.92441000000001">
    <ele>40.85</ele>
   </trkpt>
   <trkpt lat="49.288090000000004" lon="-122.92446000000001">
    <ele>40.830000000000005</ele>
   </trkpt>
   <trkpt lat="49.28815" lon="-122.92441000000001">
    <ele>40.85</ele>
   </trkpt>
   <trkpt lat="49.2877" lon="-122.92475">
    <ele>41.410000000000004</ele>
   </trkpt>
   <trkpt lat="49.28755" lon="-122.92493">
    <ele>41.56</ele>
   </trkpt>
   <trkpt lat="49.28754000000001" lon="-122.92506000000002">
    <ele>41.97</ele>
   </trkpt>
   <trkpt lat="49.287600000000005" lon="-122.92530000000001">
    <ele>42.71</ele>
   </trkpt>
   <trkpt lat="49.28761" lon="-122.92544000000001">
    <ele>43.63</ele>
   </trkpt>
   <trkpt lat="49.28757" lon="-122.92566000000001">
    <ele>44.43000000000001</ele>
   </trkpt>
   <trkpt lat="49.28763000000001" lon="-122.92586000000001">
    <ele>44.61</ele>
   </trkpt>
   <trkpt lat="49.28774000000001" lon="-122.9261">
    <ele>45.4</ele>
   </trkpt>
   <trkpt lat="49.287870000000005" lon="-122.92619">
    <ele>45.35</ele>
   </trkpt>
   <trkpt lat="49.288000000000004" lon="-122.92619">
    <ele>44.82000000000001</ele>
   </trkpt>
   <trkpt lat="49.288120000000006" lon="-122.92673">
    <ele>45.31</ele>
   </trkpt>
   <trkpt lat="49.288120000000006" lon="-122.92675000000001">
    <ele>45.35</ele>
   </trkpt>
   <trkpt lat="49.288120000000006" lon="-122.92682">
    <ele>45.35</ele>
   </trkpt>
   <trkpt lat="49.28810000000001" lon="-122.92689000000001">
    <ele>45.910000000000004</ele>
   </trkpt>
   <trkpt lat="49.2879" lon="-122.92718">
    <ele>48.5</ele>
   </trkpt>
   <trkpt lat="49.28784" lon="-122.92748000000002">
    <ele>50.620000000000005</ele>
   </trkpt>
   <trkpt lat="49.287890000000004" lon="-122.92759000000001">
    <ele>52.31</ele>
   </trkpt>
   <trkpt lat="49.287910000000004" lon="-122.92775">
    <ele>55.75000000000001</ele>
   </trkpt>
   <trkpt lat="49.287870000000005" lon="-122.92784">
    <ele>55.75000000000001</ele>
   </trkpt>
   <trkpt lat="49.287800000000004" lon="-122.92789">
    <ele>59.57</ele>
   </trkpt>
   <trkpt lat="49.287690000000005" lon="-122.92788000000002">
    <ele>61.74</ele>
   </trkpt>
   <trkpt lat="49.287690000000005" lon="-122.92798">
    <ele>63.40000000000001</ele>
   </trkpt>
   <trkpt lat="49.28774000000001" lon="-122.92816">
    <ele>65.64</ele>
   </trkpt>
   <trkpt lat="49.28795" lon="-122.92829">
    <ele>69.67</ele>
   </trkpt>
   <trkpt lat="49.28799" lon="-122.92842000000002">
    <ele>70.32000000000001</ele>
   </trkpt>
   <trkpt lat="49.28792000000001" lon="-122.92843">
    <ele>71.53000000000002</ele>
   </trkpt>
   <trkpt lat="49.28782" lon="-122.92887">
    <ele>75.01</ele>
   </trkpt>
   <trkpt lat="49.287760000000006" lon="-122.92937">
    <ele>78.84</ele>
   </trkpt>
   <trkpt lat="49.287650000000006" lon="-122.92959">
    <ele>79.71000000000001</ele>
   </trkpt>
   <trkpt lat="49.287180000000006" lon="-122.9299">
    <ele>83.83</ele>
   </trkpt>
   <trkpt lat="49.28717" lon="-122.9299">
    <ele>83.96000000000001</ele>
   </trkpt>
   <trkpt lat="49.287130000000005" lon="-122.92994000000002">
    <ele>85.32000000000001</ele>
   </trkpt>
   <trkpt lat="49.287000000000006" lon="-122.93008">
    <ele>88.03000000000002</ele>
   </trkpt>
   <trkpt lat="49.286910000000006" lon="-122.93022">
    <ele>88.63</ele>
   </trkpt>
   <trkpt lat="49.28683" lon="-122.9304">
    <ele>90.17000000000002</ele>
   </trkpt>
   <trkpt lat="49.28674" lon="-122.93049">
    <ele>90.44</ele>
   </trkpt>
   <trkpt lat="49.28672" lon="-122.93066">
    <ele>90.42000000000002</ele>
   </trkpt>
   <trkpt lat="49.28672" lon="-122.93093">
    <ele>90.13</ele>
   </trkpt>
   <trkpt lat="49.28683" lon="-122.93125">
    <ele>89.63</ele>
   </trkpt>
   <trkpt lat="49.28687000000001" lon="-122.93147">
    <ele>89.77</ele>
   </trkpt>
   <trkpt lat="49.286880000000004" lon="-122.93175000000001">
    <ele>90.48</ele>
   </trkpt>
   <trkpt lat="49.28681" lon="-122.93254">
    <ele>95.88000000000001</ele>
   </trkpt>
   <trkpt lat="49.28681" lon="-122.93281">
    <ele>96.81</ele>
   </trkpt>
   <trkpt lat="49.2869" lon="-122.93339000000002">
    <ele>96.15</ele>
   </trkpt>
   <trkpt lat="49.286910000000006" lon="-122.93363000000001">
    <ele>96.04</ele>
   </trkpt>
   <trkpt lat="49.287060000000004" lon="-122.93385">
    <ele>94.14</ele>
   </trkpt>
   <trkpt lat="49.287130000000005" lon="-122.93411">
    <ele>92.97000000000001</ele>
   </trkpt>
   <trkpt lat="49.287150000000004" lon="-122.93443">
    <ele>92.53</ele>
   </trkpt>
   <trkpt lat="49.287130000000005" lon="-122.93478">
    <ele>93.23</ele>
   </trkpt>
   <trkpt lat="49.28705" lon="-122.93511000000001">
    <ele>92.84</ele>
   </trkpt>
   <trkpt lat="49.2871" lon="-122.93541">
    <ele>90.57000000000001</ele>
   </trkpt>
   <trkpt lat="49.28708" lon="-122.93577">
    <ele>89.01</ele>
   </trkpt>
   <trkpt lat="49.28719" lon="-122.93603000000002">
    <ele>88.42000000000002</ele>
   </trkpt>
   <trkpt lat="49.28732" lon="-122.93617">
    <ele>87.24000000000001</ele>
   </trkpt>
   <trkpt lat="49.28752" lon="-122.93631">
    <ele>86.47</ele>
   </trkpt>
   <trkpt lat="49.287690000000005" lon="-122.93648">
    <ele>86.51</ele>
   </trkpt>
   <trkpt lat="49.28786" lon="-122.93671">
    <ele>86.16</ele>
   </trkpt>
   <trkpt lat="49.28797" lon="-122.93699000000001">
    <ele>86.59</ele>
   </trkpt>
   <trkpt lat="49.28833" lon="-122.93711">
    <ele>88.13000000000001</ele>
   </trkpt>
   <trkpt lat="49.28846" lon="-122.93702">
    <ele>87.01</ele>
   </trkpt>
   <trkpt lat="49.28855" lon="-122.93725">
    <ele>86.02000000000001</ele>
   </trkpt>
   <trkpt lat="49.288540000000005" lon="-122.93725">
    <ele>86.05</ele>
   </trkpt>
   <trkpt lat="49.288360000000004" lon="-122.93774">
    <ele>85.28</ele>
   </trkpt>
   <trkpt lat="49.2884" lon="-122.93800000000002">
    <ele>84.41000000000001</ele>
   </trkpt>
   <trkpt lat="49.28842" lon="-122.93845">
    <ele>80.77000000000001</ele>
   </trkpt>
   <trkpt lat="49.288410000000006" lon="-122.93844000000001">
    <ele>80.77000000000001</ele>
   </trkpt>
   <trkpt lat="49.288340000000005" lon="-122.93845">
    <ele>81.58</ele>
   </trkpt>
   <trkpt lat="49.287980000000005" lon="-122.93886">
    <ele>92.24</ele>
   </trkpt>
   <trkpt lat="49.287960000000005" lon="-122.93891">
    <ele>92.24</ele>
   </trkpt>
   <trkpt lat="49.287960000000005" lon="-122.93892000000001">
    <ele>92.36000000000001</ele>
   </trkpt>
   <trkpt lat="49.287850000000006" lon="-122.93922">
    <ele>95.77000000000001</ele>
   </trkpt>
   <trkpt lat="49.28768" lon="-122.93969000000001">
    <ele>98.49000000000001</ele>
   </trkpt>
   <trkpt lat="49.287490000000005" lon="-122.93991000000001">
    <ele>104.83</ele>
   </trkpt>
   <trkpt lat="49.28741" lon="-122.94018000000001">
    <ele>108.21000000000001</ele>
   </trkpt>
   <trkpt lat="49.287200000000006" lon="-122.94066000000001">
    <ele>117.81000000000002</ele>
   </trkpt>
   <trkpt lat="49.287150000000004" lon="-122.94084000000001">
    <ele>120.97</ele>
   </trkpt>
   <trkpt lat="49.287200000000006" lon="-122.94122000000002">
    <ele>118.53</ele>
   </trkpt>
   <trkpt lat="49.28699" lon="-122.94120000000001">
    <ele>125.65</ele>
   </trkpt>
   <trkpt lat="49.286970000000004" lon="-122.94132">
    <ele>127.03</ele>
   </trkpt>
   <trkpt lat="49.28698000000001" lon="-122.94156000000001">
    <ele>127.12</ele>
   </trkpt>
   <trkpt lat="49.28692" lon="-122.94199">
    <ele>139.58</ele>
   </trkpt>
   <trkpt lat="49.2867" lon="-122.94191000000001">
    <ele>152.42</ele>
   </trkpt>
   <trkpt lat="49.28665" lon="-122.94224000000001">
    <ele>160.73000000000002</ele>
   </trkpt>
   <trkpt lat="49.286350000000006" lon="-122.94265000000001">
    <ele>184.08</ele>
   </trkpt>
   <trkpt lat="49.28636" lon="-122.94265000000001">
    <ele>191.33</ele>
   </trkpt>
   <trkpt lat="49.28636" lon="-122.94284">
    <ele>190.89</ele>
   </trkpt>
   <trkpt lat="49.286280000000005" lon="-122.94324">
    <ele>189.96</ele>
   </trkpt>
   <trkpt lat="49.28618" lon="-122.94351">
    <ele>189.28</ele>
   </trkpt>
   <trkpt lat="49.286080000000005" lon="-122.94369">
    <ele>188.63000000000002</ele>
   </trkpt>
   <trkpt lat="49.28604000000001" lon="-122.94382000000002">
    <ele>187.83</ele>
   </trkpt>
   <trkpt lat="49.28604000000001" lon="-122.94403000000001">
    <ele>186.36</ele>
   </trkpt>
   <trkpt lat="49.28604000000001" lon="-122.94401">
    <ele>186.36</ele>
   </trkpt>
   <trkpt lat="49.28604000000001" lon="-122.94424000000001">
    <ele>185.07000000000002</ele>
   </trkpt>
   <trkpt lat="49.28595000000001" lon="-122.94459">
    <ele>183.38000000000002</ele>
   </trkpt>
   <trkpt lat="49.28591" lon="-122.94468">
    <ele>183.16000000000003</ele>
   </trkpt>
   <trkpt lat="49.28571" lon="-122.94491000000001">
    <ele>181.31000000000003</ele>
   </trkpt>
   <trkpt lat="49.285630000000005" lon="-122.94517">
    <ele>179.14000000000001</ele>
   </trkpt>
   <trkpt lat="49.28558" lon="-122.94526">
    <ele>178.61</ele>
   </trkpt>
   <trkpt lat="49.28542" lon="-122.94536000000001">
    <ele>177.82</ele>
   </trkpt>
   <trkpt lat="49.28526" lon="-122.94558">
    <ele>176.22</ele>
   </trkpt>
   <trkpt lat="49.2852" lon="-122.94571">
    <ele>175.81000000000003</ele>
   </trkpt>
   <trkpt lat="49.285160000000005" lon="-122.94589">
    <ele>174.88</ele>
   </trkpt>
   <trkpt lat="49.285140000000006" lon="-122.94625">
    <ele>171.84</ele>
   </trkpt>
   <trkpt lat="49.285180000000004" lon="-122.94683">
    <ele>166.15</ele>
   </trkpt>
   <trkpt lat="49.28513" lon="-122.94727">
    <ele>160.29000000000002</ele>
   </trkpt>
   <trkpt lat="49.28522" lon="-122.94767000000002">
    <ele>155.65</ele>
   </trkpt>
   <trkpt lat="49.28513" lon="-122.94727">
    <ele>161.06</ele>
   </trkpt>
   <trkpt lat="49.285180000000004" lon="-122.94683">
    <ele>166.15</ele>
   </trkpt>
   <trkpt lat="49.285140000000006" lon="-122.94625">
    <ele>171.84</ele>
   </trkpt>
   <trkpt lat="49.285160000000005" lon="-122.94589">
    <ele>173.89000000000001</ele>
   </trkpt>
   <trkpt lat="49.2852" lon="-122.94571">
    <ele>175.81000000000003</ele>
   </trkpt>
   <trkpt lat="49.28526" lon="-122.94558">
    <ele>176.58</ele>
   </trkpt>
   <trkpt lat="49.28542" lon="-122.94536000000001">
    <ele>178.08</ele>
   </trkpt>
   <trkpt lat="49.28558" lon="-122.94526">
    <ele>178.61</ele>
   </trkpt>
   <trkpt lat="49.285630000000005" lon="-122.94517">
    <ele>179.14000000000001</ele>
   </trkpt>
   <trkpt lat="49.28571" lon="-122.94491000000001">
    <ele>181.31000000000003</ele>
   </trkpt>
   <trkpt lat="49.28591" lon="-122.94468">
    <ele>183.16000000000003</ele>
   </trkpt>
   <trkpt lat="49.28595000000001" lon="-122.94459">
    <ele>183.63000000000002</ele>
   </trkpt>
   <trkpt lat="49.28604000000001" lon="-122.94424000000001">
    <ele>185.07000000000002</ele>
   </trkpt>
   <trkpt lat="49.28604000000001" lon="-122.94382000000002">
    <ele>187.83</ele>
   </trkpt>
   <trkpt lat="49.286080000000005" lon="-122.94369">
    <ele>188.63000000000002</ele>
   </trkpt>
   <trkpt lat="49.28618" lon="-122.94351">
    <ele>189.28</ele>
   </trkpt>
   <trkpt lat="49.286280000000005" lon="-122.94324">
    <ele>189.96</ele>
   </trkpt>
   <trkpt lat="49.28636" lon="-122.94284">
    <ele>190.73000000000002</ele>
   </trkpt>
   <trkpt lat="49.28636" lon="-122.94265000000001">
    <ele>191.33</ele>
   </trkpt>
   <trkpt lat="49.28636" lon="-122.94284">
    <ele>190.55</ele>
   </trkpt>
   <trkpt lat="49.286280000000005" lon="-122.94324">
    <ele>189.96</ele>
   </trkpt>
   <trkpt lat="49.28618" lon="-122.94351">
    <ele>189.28</ele>
   </trkpt>
   <trkpt lat="49.286080000000005" lon="-122.94369">
    <ele>188.63000000000002</ele>
   </trkpt>
   <trkpt lat="49.28604000000001" lon="-122.94382000000002">
    <ele>187.83</ele>
   </trkpt>
   <trkpt lat="49.28604000000001" lon="-122.94424000000001">
    <ele>185.07000000000002</ele>
   </trkpt>
   <trkpt lat="49.28595000000001" lon="-122.94459">
    <ele>183.38000000000002</ele>
   </trkpt>
   <trkpt lat="49.28591" lon="-122.94468">
    <ele>183.16000000000003</ele>
   </trkpt>
   <trkpt lat="49.28571" lon="-122.94491000000001">
    <ele>181.31000000000003</ele>
   </trkpt>
   <trkpt lat="49.285630000000005" lon="-122.94517">
    <ele>178.82</ele>
   </trkpt>
   <trkpt lat="49.28558" lon="-122.94526">
    <ele>178.61</ele>
   </trkpt>
   <trkpt lat="49.28542" lon="-122.94536000000001">
    <ele>177.82</ele>
   </trkpt>
   <trkpt lat="49.28526" lon="-122.94558">
    <ele>176.22</ele>
   </trkpt>
   <trkpt lat="49.2852" lon="-122.94571">
    <ele>174.88</ele>
   </trkpt>
   <trkpt lat="49.285160000000005" lon="-122.94589">
    <ele>173.89000000000001</ele>
   </trkpt>
   <trkpt lat="49.285140000000006" lon="-122.94625">
    <ele>171.84</ele>
   </trkpt>
   <trkpt lat="49.285180000000004" lon="-122.94683">
    <ele>166.15</ele>
   </trkpt>
   <trkpt lat="49.28513" lon="-122.94727">
    <ele>160.29000000000002</ele>
   </trkpt>
   <trkpt lat="49.28522" lon="-122.94768">
    <ele>155.47000000000003</ele>
   </trkpt>
   <trkpt lat="49.285090000000004" lon="-122.94768">
    <ele>154.95</ele>
   </trkpt>
   <trkpt lat="49.28486" lon="-122.94782000000001">
    <ele>153.95</ele>
   </trkpt>
   <trkpt lat="49.28432" lon="-122.9483">
    <ele>147.93</ele>
   </trkpt>
   <trkpt lat="49.284130000000005" lon="-122.94781">
    <ele>152.67</ele>
   </trkpt>
   <trkpt lat="49.284060000000004" lon="-122.94769000000001">
    <ele>154.11</ele>
   </trkpt>
   <trkpt lat="49.284000000000006" lon="-122.94766000000001">
    <ele>154.24</ele>
   </trkpt>
   <trkpt lat="49.28389000000001" lon="-122.94763">
    <ele>155.06</ele>
   </trkpt>
   <trkpt lat="49.283340000108154" lon="-122.94765000021921">
    <ele>155.62</ele>
   </trkpt>
   <trkpt lat="49.282790000000006" lon="-122.94767000000002">
    <ele>155.49</ele>
   </trkpt>
   <trkpt lat="49.282650000000004" lon="-122.94768">
    <ele>155.26000000000002</ele>
   </trkpt>
   <trkpt lat="49.28253" lon="-122.94772">
    <ele>154.96</ele>
   </trkpt>
   <trkpt lat="49.28244" lon="-122.94778000000001">
    <ele>154.42</ele>
   </trkpt>
   <trkpt lat="49.28235" lon="-122.94787000000001">
    <ele>154.23</ele>
   </trkpt>
   <trkpt lat="49.28228000000001" lon="-122.94773">
    <ele>156.34</ele>
   </trkpt>
   <trkpt lat="49.28228000000001" lon="-122.94759">
    <ele>158.37</ele>
   </trkpt>
   <trkpt lat="49.28231" lon="-122.94736">
    <ele>161.32000000000002</ele>
   </trkpt>
   <trkpt lat="49.282300000000006" lon="-122.94642">
    <ele>170.11</ele>
   </trkpt>
   <trkpt lat="49.281444999934955" lon="-122.94642">
    <ele>167.56</ele>
   </trkpt>
   <trkpt lat="49.280590000000004" lon="-122.94642">
    <ele>164.95000000000002</ele>
   </trkpt>
   <trkpt lat="49.28031000000001" lon="-122.94647">
    <ele>163.58</ele>
   </trkpt>
   <trkpt lat="49.27967" lon="-122.94647">
    <ele>160.65</ele>
   </trkpt>
   <trkpt lat="49.27886500012722" lon="-122.94649000032332">
    <ele>158.34</ele>
   </trkpt>
   <trkpt lat="49.27806" lon="-122.94651">
    <ele>154.27</ele>
   </trkpt>
   <trkpt lat="49.27799" lon="-122.94655000000002">
    <ele>153.51</ele>
   </trkpt>
   <trkpt lat="49.27806" lon="-122.94651">
    <ele>154.27</ele>
   </trkpt>
   <trkpt lat="49.27881000000082" lon="-122.9464950002281">
    <ele>158.34</ele>
   </trkpt>
   <trkpt lat="49.279560000000004" lon="-122.94648000000001">
    <ele>160.25</ele>
   </trkpt>
   <trkpt lat="49.27953" lon="-122.94648000000001">
    <ele>160.17000000000002</ele>
   </trkpt>
   <trkpt lat="49.28025" lon="-122.94647">
    <ele>163.58</ele>
   </trkpt>
   <trkpt lat="49.28031000000001" lon="-122.94647">
    <ele>163.58</ele>
   </trkpt>
   <trkpt lat="49.28031000000001" lon="-122.94642">
    <ele>164.93</ele>
   </trkpt>
   <trkpt lat="49.28022000000001" lon="-122.94596000000001">
    <ele>168.61</ele>
   </trkpt>
   <trkpt lat="49.279920000000004" lon="-122.94548">
    <ele>172.59</ele>
   </trkpt>
   <trkpt lat="49.27982" lon="-122.94536000000001">
    <ele>173.91</ele>
   </trkpt>
   <trkpt lat="49.27978" lon="-122.94526">
    <ele>174.96</ele>
   </trkpt>
   <trkpt lat="49.279770000000006" lon="-122.94496000000001">
    <ele>176.49</ele>
   </trkpt>
   <trkpt lat="49.27987" lon="-122.94451000000001">
    <ele>181.88000000000002</ele>
   </trkpt>
   <trkpt lat="49.27996" lon="-122.94391000000002">
    <ele>191.87</ele>
   </trkpt>
   <trkpt lat="49.27993000000001" lon="-122.94365">
    <ele>194.92000000000002</ele>
   </trkpt>
   <trkpt lat="49.27982" lon="-122.94352">
    <ele>196.86</ele>
   </trkpt>
   <trkpt lat="49.279720000000005" lon="-122.94307">
    <ele>200.35000000000002</ele>
   </trkpt>
   <trkpt lat="49.279560000000004" lon="-122.94289">
    <ele>201.38</ele>
   </trkpt>
   <trkpt lat="49.27946000000001" lon="-122.94267">
    <ele>203.34</ele>
   </trkpt>
   <trkpt lat="49.27949" lon="-122.94253">
    <ele>204.77</ele>
   </trkpt>
   <trkpt lat="49.27946000000001" lon="-122.94235">
    <ele>205.98000000000002</ele>
   </trkpt>
   <trkpt lat="49.27939000000001" lon="-122.94222">
    <ele>208.15000000000003</ele>
   </trkpt>
   <trkpt lat="49.279360000000004" lon="-122.94205000000001">
    <ele>209.73000000000002</ele>
   </trkpt>
   <trkpt lat="49.27938" lon="-122.94181">
    <ele>213.39000000000001</ele>
   </trkpt>
   <trkpt lat="49.27946000000001" lon="-122.94163">
    <ele>215.84</ele>
   </trkpt>
   <trkpt lat="49.27944" lon="-122.94145">
    <ele>216.71</ele>
   </trkpt>
   <trkpt lat="49.279450000000004" lon="-122.94123">
    <ele>221.47000000000003</ele>
   </trkpt>
   <trkpt lat="49.27935" lon="-122.94025">
    <ele>229.85000000000002</ele>
   </trkpt>
   <trkpt lat="49.27882" lon="-122.94074">
    <ele>229.85000000000002</ele>
   </trkpt>
   <trkpt lat="49.278780000000005" lon="-122.94083">
    <ele>229.85000000000002</ele>
   </trkpt>
   <trkpt lat="49.27879" lon="-122.94096">
    <ele>229.85000000000002</ele>
   </trkpt>
   <trkpt lat="49.27873" lon="-122.94119">
    <ele>229.85000000000002</ele>
   </trkpt>
   <trkpt lat="49.278710000000004" lon="-122.94142000000001">
    <ele>229.85000000000002</ele>
   </trkpt>
   <trkpt lat="49.278740000000006" lon="-122.94186">
    <ele>229.85000000000002</ele>
   </trkpt>
   <trkpt lat="49.27872000000001" lon="-122.94204">
    <ele>229.85000000000002</ele>
   </trkpt>
   <trkpt lat="49.278620000000004" lon="-122.94213">
    <ele>229.85000000000002</ele>
   </trkpt>
   <trkpt lat="49.27859" lon="-122.94222">
    <ele>229.85000000000002</ele>
   </trkpt>
   <trkpt lat="49.27859" lon="-122.94239">
    <ele>229.85000000000002</ele>
   </trkpt>
   <trkpt lat="49.27854000000001" lon="-122.94244">
    <ele>229.85000000000002</ele>
   </trkpt>
   <trkpt lat="49.27853" lon="-122.94253">
    <ele>229.85000000000002</ele>
   </trkpt>
   <trkpt lat="49.27853" lon="-122.94262">
    <ele>229.85000000000002</ele>
   </trkpt>
   <trkpt lat="49.278620000000004" lon="-122.94267">
    <ele>229.85000000000002</ele>
   </trkpt>
   <trkpt lat="49.278580000000005" lon="-122.94289">
    <ele>229.85000000000002</ele>
   </trkpt>
   <trkpt lat="49.27866" lon="-122.94298">
    <ele>229.85000000000002</ele>
   </trkpt>
   <trkpt lat="49.278710000000004" lon="-122.94329">
    <ele>229.85000000000002</ele>
   </trkpt>
   <trkpt lat="49.27855" lon="-122.94351">
    <ele>165.92000000000002</ele>
   </trkpt>
   <trkpt lat="49.27861000000001" lon="-122.94392">
    <ele>165.92000000000002</ele>
   </trkpt>
   <trkpt lat="49.278490000000005" lon="-122.94427">
    <ele>165.92000000000002</ele>
   </trkpt>
   <trkpt lat="49.27846" lon="-122.94499">
    <ele>165.92000000000002</ele>
   </trkpt>
   <trkpt lat="49.278420000000004" lon="-122.94526">
    <ele>165.92000000000002</ele>
   </trkpt>
   <trkpt lat="49.27846" lon="-122.94531">
    <ele>165.92000000000002</ele>
   </trkpt>
   <trkpt lat="49.27848" lon="-122.94552000000002">
    <ele>165.92000000000002</ele>
   </trkpt>
   <trkpt lat="49.27859" lon="-122.94566">
    <ele>165.92000000000002</ele>
   </trkpt>
   <trkpt lat="49.27877" lon="-122.94584">
    <ele>165.92000000000002</ele>
   </trkpt>
   <trkpt lat="49.27884" lon="-122.94593">
    <ele>165.92000000000002</ele>
   </trkpt>
   <trkpt lat="49.27891" lon="-122.94598">
    <ele>165.92000000000002</ele>
   </trkpt>
   <trkpt lat="49.279030000000006" lon="-122.94589">
    <ele>165.92000000000002</ele>
   </trkpt>
   <trkpt lat="49.27908000000001" lon="-122.94593">
    <ele>165.92000000000002</ele>
   </trkpt>
   <trkpt lat="49.27913" lon="-122.94602">
    <ele>165.92000000000002</ele>
   </trkpt>
   <trkpt lat="49.27917" lon="-122.94602">
    <ele>165.92000000000002</ele>
   </trkpt>
   <trkpt lat="49.27922" lon="-122.94594000000001">
    <ele>165.92000000000002</ele>
   </trkpt>
   <trkpt lat="49.27937000000001" lon="-122.94597000000002">
    <ele>165.92000000000002</ele>
   </trkpt>
   <trkpt lat="49.27942" lon="-122.94602">
    <ele>165.92000000000002</ele>
   </trkpt>
   <trkpt lat="49.27937000000001" lon="-122.94597000000002">
    <ele>165.93</ele>
   </trkpt>
   <trkpt lat="49.27922" lon="-122.94594000000001">
    <ele>165.93</ele>
   </trkpt>
   <trkpt lat="49.27917" lon="-122.94602">
    <ele>165.93</ele>
   </trkpt>
   <trkpt lat="49.27913" lon="-122.94602">
    <ele>165.93</ele>
   </trkpt>
   <trkpt lat="49.27908000000001" lon="-122.94593">
    <ele>165.93</ele>
   </trkpt>
   <trkpt lat="49.279030000000006" lon="-122.94589">
    <ele>165.93</ele>
   </trkpt>
   <trkpt lat="49.27891" lon="-122.94598">
    <ele>165.93</ele>
   </trkpt>
   <trkpt lat="49.27884" lon="-122.94593">
    <ele>165.93</ele>
   </trkpt>
   <trkpt lat="49.27877" lon="-122.94584">
    <ele>165.93</ele>
   </trkpt>
   <trkpt lat="49.27859" lon="-122.94566">
    <ele>165.93</ele>
   </trkpt>
   <trkpt lat="49.27848" lon="-122.94552000000002">
    <ele>165.93</ele>
   </trkpt>
   <trkpt lat="49.27846" lon="-122.94531">
    <ele>165.93</ele>
   </trkpt>
   <trkpt lat="49.278420000000004" lon="-122.94526">
    <ele>165.93</ele>
   </trkpt>
   <trkpt lat="49.27846" lon="-122.94499">
    <ele>165.93</ele>
   </trkpt>
   <trkpt lat="49.278490000000005" lon="-122.94427">
    <ele>165.93</ele>
   </trkpt>
   <trkpt lat="49.27861000000001" lon="-122.94392">
    <ele>165.93</ele>
   </trkpt>
   <trkpt lat="49.27855" lon="-122.94351">
    <ele>165.93</ele>
   </trkpt>
   <trkpt lat="49.278710000000004" lon="-122.94329">
    <ele>229.85000000000002</ele>
   </trkpt>
   <trkpt lat="49.27866" lon="-122.94298">
    <ele>229.85000000000002</ele>
   </trkpt>
   <trkpt lat="49.278580000000005" lon="-122.94289">
    <ele>229.85000000000002</ele>
   </trkpt>
   <trkpt lat="49.278620000000004" lon="-122.94267">
    <ele>229.85000000000002</ele>
   </trkpt>
   <trkpt lat="49.27853" lon="-122.94262">
    <ele>229.85000000000002</ele>
   </trkpt>
   <trkpt lat="49.27853" lon="-122.94253">
    <ele>229.85000000000002</ele>
   </trkpt>
   <trkpt lat="49.27854000000001" lon="-122.94244">
    <ele>229.85000000000002</ele>
   </trkpt>
   <trkpt lat="49.27859" lon="-122.94239">
    <ele>229.85000000000002</ele>
   </trkpt>
   <trkpt lat="49.27859" lon="-122.94222">
    <ele>229.85000000000002</ele>
   </trkpt>
   <trkpt lat="49.278620000000004" lon="-122.94213">
    <ele>229.85000000000002</ele>
   </trkpt>
   <trkpt lat="49.27872000000001" lon="-122.94204">
    <ele>229.85000000000002</ele>
   </trkpt>
   <trkpt lat="49.278740000000006" lon="-122.94186">
    <ele>229.85000000000002</ele>
   </trkpt>
   <trkpt lat="49.278710000000004" lon="-122.94142000000001">
    <ele>229.85000000000002</ele>
   </trkpt>
   <trkpt lat="49.27873" lon="-122.94119">
    <ele>229.85000000000002</ele>
   </trkpt>
   <trkpt lat="49.27879" lon="-122.94096">
    <ele>229.85000000000002</ele>
   </trkpt>
   <trkpt lat="49.278780000000005" lon="-122.94083">
    <ele>229.85000000000002</ele>
   </trkpt>
   <trkpt lat="49.27882" lon="-122.94074">
    <ele>229.85000000000002</ele>
   </trkpt>
   <trkpt lat="49.27935" lon="-122.94025">
    <ele>229.20000000000002</ele>
   </trkpt>
   <trkpt lat="49.279450000000004" lon="-122.94123">
    <ele>220.56</ele>
   </trkpt>
   <trkpt lat="49.27944" lon="-122.94145">
    <ele>216.71</ele>
   </trkpt>
   <trkpt lat="49.27946000000001" lon="-122.94163">
    <ele>215.84</ele>
   </trkpt>
   <trkpt lat="49.27938" lon="-122.94181">
    <ele>212.52</ele>
   </trkpt>
   <trkpt lat="49.279360000000004" lon="-122.94205000000001">
    <ele>208.88</ele>
   </trkpt>
   <trkpt lat="49.27939000000001" lon="-122.94222">
    <ele>207.52</ele>
   </trkpt>
   <trkpt lat="49.27946000000001" lon="-122.94235">
    <ele>205.98000000000002</ele>
   </trkpt>
   <trkpt lat="49.27949" lon="-122.94253">
    <ele>204.77</ele>
   </trkpt>
   <trkpt lat="49.27946000000001" lon="-122.94267">
    <ele>202.69</ele>
   </trkpt>
   <trkpt lat="49.279560000000004" lon="-122.94289">
    <ele>201.10000000000002</ele>
   </trkpt>
   <trkpt lat="49.279720000000005" lon="-122.94307">
    <ele>199.99000000000004</ele>
   </trkpt>
   <trkpt lat="49.27982" lon="-122.94352">
    <ele>195.61</ele>
   </trkpt>
   <trkpt lat="49.27993000000001" lon="-122.94365">
    <ele>193.43</ele>
   </trkpt>
   <trkpt lat="49.27996" lon="-122.94391000000002">
    <ele>191.87</ele>
   </trkpt>
   <trkpt lat="49.27987" lon="-122.94451000000001">
    <ele>181.88000000000002</ele>
   </trkpt>
   <trkpt lat="49.279770000000006" lon="-122.94496000000001">
    <ele>176.49</ele>
   </trkpt>
   <trkpt lat="49.27978" lon="-122.94526">
    <ele>174.38</ele>
   </trkpt>
   <trkpt lat="49.27982" lon="-122.94536000000001">
    <ele>173.54000000000002</ele>
   </trkpt>
   <trkpt lat="49.279920000000004" lon="-122.94548">
    <ele>172.59</ele>
   </trkpt>
   <trkpt lat="49.28022000000001" lon="-122.94596000000001">
    <ele>168.61</ele>
   </trkpt>
   <trkpt lat="49.28031000000001" lon="-122.94642">
    <ele>163.58</ele>
   </trkpt>
   <trkpt lat="49.28031667512439" lon="-122.94740999973324">
    <ele>151.88000000000002</ele>
   </trkpt>
   <trkpt lat="49.280323341791046" lon="-122.9483999997343">
    <ele>144.11</ele>
   </trkpt>
   <trkpt lat="49.280330000000006" lon="-122.94939000000001">
    <ele>133.13</ele>
   </trkpt>
   <trkpt lat="49.28040000000001" lon="-122.94947">
    <ele>130.35000000000002</ele>
   </trkpt>
   <trkpt lat="49.280330000000006" lon="-122.94939000000001">
    <ele>133.13</ele>
   </trkpt>
   <trkpt lat="49.28032334179104" lon="-122.94839999973142">
    <ele>145.58</ele>
   </trkpt>
   <trkpt lat="49.28031667512437" lon="-122.94740999973037">
    <ele>151.88000000000002</ele>
   </trkpt>
   <trkpt lat="49.28031000000001" lon="-122.94642">
    <ele>163.58</ele>
   </trkpt>
   <trkpt lat="49.280210000000004" lon="-122.94584">
    <ele>170.62</ele>
   </trkpt>
   <trkpt lat="49.28025" lon="-122.94548">
    <ele>174.32</ele>
   </trkpt>
   <trkpt lat="49.28027" lon="-122.94432">
    <ele>190.59</ele>
   </trkpt>
   <trkpt lat="49.280240000000006" lon="-122.94361">
    <ele>196.53</ele>
   </trkpt>
   <trkpt lat="49.28025" lon="-122.94329">
    <ele>200.92000000000002</ele>
   </trkpt>
   <trkpt lat="49.28023" lon="-122.94289">
    <ele>205.82000000000002</ele>
   </trkpt>
   <trkpt lat="49.280260000000006" lon="-122.94244">
    <ele>208.71</ele>
   </trkpt>
   <trkpt lat="49.2802500020876" lon="-122.94174500010082">
    <ele>216.49</ele>
   </trkpt>
   <trkpt lat="49.280240000000006" lon="-122.94105">
    <ele>229.43</ele>
   </trkpt>
   <trkpt lat="49.28027" lon="-122.94052">
    <ele>233.41</ele>
   </trkpt>
   <trkpt lat="49.280260000000006" lon="-122.93984">
    <ele>238.88</ele>
   </trkpt>
   <trkpt lat="49.28029" lon="-122.93953">
    <ele>244.08</ele>
   </trkpt>
   <trkpt lat="49.28025" lon="-122.93926">
    <ele>247.33</ele>
   </trkpt>
   <trkpt lat="49.280240000000006" lon="-122.93854">
    <ele>254.60999999999999</ele>
   </trkpt>
   <trkpt lat="49.28022000000001" lon="-122.93839000000001">
    <ele>255.86</ele>
   </trkpt>
   <trkpt lat="49.280210000000004" lon="-122.93839000000001">
    <ele>255.82999999999998</ele>
   </trkpt>
   <trkpt lat="49.280120000000004" lon="-122.93886">
    <ele>248.74</ele>
   </trkpt>
   <trkpt lat="49.27993000000001" lon="-122.93926">
    <ele>243.06000000000003</ele>
   </trkpt>
   <trkpt lat="49.27987" lon="-122.93976">
    <ele>239.69</ele>
   </trkpt>
   <trkpt lat="49.279830000000004" lon="-122.93989">
    <ele>236.90000000000003</ele>
   </trkpt>
   <trkpt lat="49.279740000000004" lon="-122.93998">
    <ele>235.69</ele>
   </trkpt>
   <trkpt lat="49.279540000000004" lon="-122.94006000000002">
    <ele>233.05</ele>
   </trkpt>
   <trkpt lat="49.27933" lon="-122.94026000000001">
    <ele>229.80000000000004</ele>
   </trkpt>
   <trkpt lat="49.279540000000004" lon="-122.94006000000002">
    <ele>233.05</ele>
   </trkpt>
   <trkpt lat="49.279740000000004" lon="-122.93998">
    <ele>235.69</ele>
   </trkpt>
   <trkpt lat="49.279830000000004" lon="-122.93989">
    <ele>236.90000000000003</ele>
   </trkpt>
   <trkpt lat="49.27987" lon="-122.93976">
    <ele>239.69</ele>
   </trkpt>
   <trkpt lat="49.27993000000001" lon="-122.93926">
    <ele>243.06000000000003</ele>
   </trkpt>
   <trkpt lat="49.280120000000004" lon="-122.93886">
    <ele>250.68</ele>
   </trkpt>
   <trkpt lat="49.28022000000001" lon="-122.93839000000001">
    <ele>255.95000000000002</ele>
   </trkpt>
   <trkpt lat="49.2802" lon="-122.93833000000001">
    <ele>255.94</ele>
   </trkpt>
   <trkpt lat="49.28016" lon="-122.93829000000001">
    <ele>255.94</ele>
   </trkpt>
   <trkpt lat="49.28016" lon="-122.93815000000001">
    <ele>256.07</ele>
   </trkpt>
   <trkpt lat="49.280120000000004" lon="-122.93793000000001">
    <ele>258.45</ele>
   </trkpt>
   <trkpt lat="49.27985" lon="-122.93742">
    <ele>263.25000000000006</ele>
   </trkpt>
   <trkpt lat="49.27978" lon="-122.93735000000001">
    <ele>263.97</ele>
   </trkpt>
   <trkpt lat="49.27947" lon="-122.93717000000001">
    <ele>266.11</ele>
   </trkpt>
   <trkpt lat="49.279180000000004" lon="-122.93693">
    <ele>268.19000000000005</ele>
   </trkpt>
   <trkpt lat="49.27906" lon="-122.93689">
    <ele>268.76</ele>
   </trkpt>
   <trkpt lat="49.27891" lon="-122.93671">
    <ele>269.27</ele>
   </trkpt>
   <trkpt lat="49.278780000000005" lon="-122.93629000000001">
    <ele>270.99</ele>
   </trkpt>
   <trkpt lat="49.27877" lon="-122.93629000000001">
    <ele>271.01000000000005</ele>
   </trkpt>
   <trkpt lat="49.278400000000005" lon="-122.9364">
    <ele>264.06</ele>
   </trkpt>
   <trkpt lat="49.27803" lon="-122.93662">
    <ele>258.89</ele>
   </trkpt>
   <trkpt lat="49.27787000000001" lon="-122.93663000000001">
    <ele>257.53000000000003</ele>
   </trkpt>
   <trkpt lat="49.277590000000004" lon="-122.93653">
    <ele>255.98000000000005</ele>
   </trkpt>
   <trkpt lat="49.277370000000005" lon="-122.93662">
    <ele>253.9</ele>
   </trkpt>
   <trkpt lat="49.277190000000004" lon="-122.9368">
    <ele>251.71000000000004</ele>
   </trkpt>
   <trkpt lat="49.27675000000001" lon="-122.93689">
    <ele>245.81000000000003</ele>
   </trkpt>
   <trkpt lat="49.276250000000005" lon="-122.93688000000002">
    <ele>238.44</ele>
   </trkpt>
   <trkpt lat="49.276120000000006" lon="-122.9368">
    <ele>237.34000000000003</ele>
   </trkpt>
   <trkpt lat="49.27590000000001" lon="-122.93657">
    <ele>236.69</ele>
   </trkpt>
   <trkpt lat="49.27562" lon="-122.93604">
    <ele>235.79000000000002</ele>
   </trkpt>
   <trkpt lat="49.275490000000005" lon="-122.93572">
    <ele>233.69</ele>
   </trkpt>
   <trkpt lat="49.275360000000006" lon="-122.93563">
    <ele>232.08</ele>
   </trkpt>
   <trkpt lat="49.27534000000001" lon="-122.93542000000001">
    <ele>232.96000000000004</ele>
   </trkpt>
   <trkpt lat="49.27523" lon="-122.9351">
    <ele>235.38</ele>
   </trkpt>
   <trkpt lat="49.27519" lon="-122.93472000000001">
    <ele>237.92000000000002</ele>
   </trkpt>
   <trkpt lat="49.27522500405641" lon="-122.93375000078272">
    <ele>246.28000000000003</ele>
   </trkpt>
   <trkpt lat="49.27526" lon="-122.93278000000001">
    <ele>254.32999999999998</ele>
   </trkpt>
   <trkpt lat="49.27525000000001" lon="-122.93184000000001">
    <ele>258.12</ele>
   </trkpt>
   <trkpt lat="49.27523" lon="-122.93147">
    <ele>259.58000000000004</ele>
   </trkpt>
   <trkpt lat="49.27526" lon="-122.93091000000001">
    <ele>257.77</ele>
   </trkpt>
   <trkpt lat="49.275270000000006" lon="-122.93088000000002">
    <ele>257.41</ele>
   </trkpt>
   <trkpt lat="49.27514000000001" lon="-122.93058">
    <ele>253.69000000000003</ele>
   </trkpt>
   <trkpt lat="49.275200000000005" lon="-122.9299">
    <ele>254.36</ele>
   </trkpt>
   <trkpt lat="49.27519" lon="-122.92924000000001">
    <ele>256.53000000000003</ele>
   </trkpt>
   <trkpt lat="49.27514000000001" lon="-122.92893000000001">
    <ele>258.38</ele>
   </trkpt>
   <trkpt lat="49.27559" lon="-122.92978000000001">
    <ele>265.07000000000005</ele>
   </trkpt>
   <trkpt lat="49.27604" lon="-122.93056000000001">
    <ele>271.72</ele>
   </trkpt>
   <trkpt lat="49.276070000000004" lon="-122.93053">
    <ele>271.95000000000005</ele>
   </trkpt>
   <trkpt lat="49.27613" lon="-122.93043000000002">
    <ele>271.92</ele>
   </trkpt>
   <trkpt lat="49.2762" lon="-122.93014000000001">
    <ele>271.67</ele>
   </trkpt>
   <trkpt lat="49.27619000000001" lon="-122.93015000000001">
    <ele>271.67</ele>
   </trkpt>
   <trkpt lat="49.27602" lon="-122.93012000000002">
    <ele>270.09</ele>
   </trkpt>
   <trkpt lat="49.275940000000006" lon="-122.93004">
    <ele>269.09</ele>
   </trkpt>
   <trkpt lat="49.27559500190893" lon="-122.92936499516715">
    <ele>262.07</ele>
   </trkpt>
   <trkpt lat="49.27525000000001" lon="-122.92869">
    <ele>258.77</ele>
   </trkpt>
   <trkpt lat="49.27528" lon="-122.92853000000001">
    <ele>259.76000000000005</ele>
   </trkpt>
   <trkpt lat="49.27527667902429" lon="-122.92733333312357">
    <ele>268.7</ele>
   </trkpt>
   <trkpt lat="49.27527334569083" lon="-122.92613666640855">
    <ele>280.08</ele>
   </trkpt>
   <trkpt lat="49.275270000000006" lon="-122.92494">
    <ele>284.86</ele>
   </trkpt>
   <trkpt lat="49.27528" lon="-122.92495000000001">
    <ele>284.86</ele>
   </trkpt>
   <trkpt lat="49.27528" lon="-122.92441000000001">
    <ele>286.24000000000007</ele>
   </trkpt>
   <trkpt lat="49.27591" lon="-122.92404">
    <ele>292.37</ele>
   </trkpt>
   <trkpt lat="49.27617000000001" lon="-122.92376000000002">
    <ele>300.79</ele>
   </trkpt>
   <trkpt lat="49.27626" lon="-122.92352000000001">
    <ele>302.42</ele>
   </trkpt>
   <trkpt lat="49.276390000000006" lon="-122.92323">
    <ele>305.44000000000005</ele>
   </trkpt>
   <trkpt lat="49.27696" lon="-122.92242000000002">
    <ele>315.51</ele>
   </trkpt>
   <trkpt lat="49.277420000000006" lon="-122.92149">
    <ele>323.24</ele>
   </trkpt>
   <trkpt lat="49.277530000000006" lon="-122.92145000000001">
    <ele>325.12</ele>
   </trkpt>
   <trkpt lat="49.277590000000004" lon="-122.92126">
    <ele>326.74</ele>
   </trkpt>
   <trkpt lat="49.27760000000001" lon="-122.92099">
    <ele>328.16</ele>
   </trkpt>
   <trkpt lat="49.27760000000001" lon="-122.92087000000001">
    <ele>328.41</ele>
   </trkpt>
   <trkpt lat="49.277530000000006" lon="-122.92035000000001">
    <ele>329.94</ele>
   </trkpt>
   <trkpt lat="49.27725" lon="-122.91961">
    <ele>331.49</ele>
   </trkpt>
   <trkpt lat="49.27722000000001" lon="-122.91946000000002">
    <ele>331.49</ele>
   </trkpt>
   <trkpt lat="49.27711000000001" lon="-122.91917000000001">
    <ele>332.31000000000006</ele>
   </trkpt>
   <trkpt lat="49.27695000000001" lon="-122.91928000000001">
    <ele>331.77</ele>
   </trkpt>
   <trkpt lat="49.276740000000004" lon="-122.91938">
    <ele>326.87000000000006</ele>
   </trkpt>
   <trkpt lat="49.27664000000001" lon="-122.91952">
    <ele>325.19000000000005</ele>
   </trkpt>
   <trkpt lat="49.27656" lon="-122.91969000000002">
    <ele>322.99</ele>
   </trkpt>
   <trkpt lat="49.276500000000006" lon="-122.91974">
    <ele>322.55</ele>
   </trkpt>
   <trkpt lat="49.27647" lon="-122.91983">
    <ele>321.81000000000006</ele>
   </trkpt>
   <trkpt lat="49.27648000000001" lon="-122.91987">
    <ele>321.81000000000006</ele>
   </trkpt>
   <trkpt lat="49.27656" lon="-122.91996">
    <ele>321.85</ele>
   </trkpt>
   <trkpt lat="49.2766" lon="-122.9201">
    <ele>321.97</ele>
   </trkpt>
   <trkpt lat="49.276590000000006" lon="-122.9201">
    <ele>321.90000000000003</ele>
   </trkpt>
   <trkpt lat="49.276590000000006" lon="-122.92024">
    <ele>320.1</ele>
   </trkpt>
   <trkpt lat="49.27656" lon="-122.92037">
    <ele>320.1</ele>
   </trkpt>
   <trkpt lat="49.27642" lon="-122.92064">
    <ele>318.03000000000003</ele>
   </trkpt>
   <trkpt lat="49.27637000000001" lon="-122.92068">
    <ele>317.55</ele>
   </trkpt>
   <trkpt lat="49.27615" lon="-122.92073">
    <ele>314.56</ele>
   </trkpt>
   <trkpt lat="49.276120000000006" lon="-122.92072000000002">
    <ele>314.56</ele>
   </trkpt>
   <trkpt lat="49.276050000000005" lon="-122.92081">
    <ele>313.44000000000005</ele>
   </trkpt>
   <trkpt lat="49.27597" lon="-122.92099">
    <ele>312.18</ele>
   </trkpt>
   <trkpt lat="49.27591" lon="-122.92122">
    <ele>309.39</ele>
   </trkpt>
   <trkpt lat="49.27590000000001" lon="-122.92153">
    <ele>306.87</ele>
   </trkpt>
   <trkpt lat="49.27562" lon="-122.92239000000001">
    <ele>295.7</ele>
   </trkpt>
   <trkpt lat="49.27553" lon="-122.92247">
    <ele>294.98</ele>
   </trkpt>
   <trkpt lat="49.275310000000005" lon="-122.92247">
    <ele>290.73</ele>
   </trkpt>
   <trkpt lat="49.275295003079265" lon="-122.92331500034899">
    <ele>282.32</ele>
   </trkpt>
   <trkpt lat="49.27528" lon="-122.92416000000001">
    <ele>283.08</ele>
   </trkpt>
   <trkpt lat="49.27528" lon="-122.92417">
    <ele>283.18000000000006</ele>
   </trkpt>
   <trkpt lat="49.275295003119425" lon="-122.92332000014719">
    <ele>282.32</ele>
   </trkpt>
   <trkpt lat="49.275310000000005" lon="-122.92247">
    <ele>290.73</ele>
   </trkpt>
   <trkpt lat="49.275310003612475" lon="-122.92155500012946">
    <ele>294.3</ele>
   </trkpt>
   <trkpt lat="49.275310000000005" lon="-122.92064">
    <ele>299.14</ele>
   </trkpt>
   <trkpt lat="49.27528" lon="-122.91980000000001">
    <ele>304.20000000000005</ele>
   </trkpt>
   <trkpt lat="49.275310000000005" lon="-122.91924000000002">
    <ele>306.68</ele>
   </trkpt>
   <trkpt lat="49.275290000000005" lon="-122.91884">
    <ele>308.82000000000005</ele>
   </trkpt>
   <trkpt lat="49.275360000000006" lon="-122.91850000000001">
    <ele>310.1</ele>
   </trkpt>
   <trkpt lat="49.27532" lon="-122.91827">
    <ele>310.81</ele>
   </trkpt>
   <trkpt lat="49.275580000000005" lon="-122.91832000000001">
    <ele>313.13</ele>
   </trkpt>
   <trkpt lat="49.27561000000001" lon="-122.91843000000001">
    <ele>313.39</ele>
   </trkpt>
   <trkpt lat="49.27562" lon="-122.91858">
    <ele>314.90000000000003</ele>
   </trkpt>
   <trkpt lat="49.27572000000001" lon="-122.91871">
    <ele>316.39</ele>
   </trkpt>
   <trkpt lat="49.27579" lon="-122.91889">
    <ele>316.99000000000007</ele>
   </trkpt>
   <trkpt lat="49.27599000000001" lon="-122.91925">
    <ele>317.95</ele>
   </trkpt>
   <trkpt lat="49.276160000000004" lon="-122.92002000000001">
    <ele>315.8</ele>
   </trkpt>
   <trkpt lat="49.27617000000001" lon="-122.92020000000001">
    <ele>315.65000000000003</ele>
   </trkpt>
   <trkpt lat="49.27608000000001" lon="-122.92063000000002">
    <ele>314.42</ele>
   </trkpt>
   <trkpt lat="49.27609" lon="-122.92068">
    <ele>314.44000000000005</ele>
   </trkpt>
   <trkpt lat="49.276120000000006" lon="-122.92072000000002">
    <ele>314.58000000000004</ele>
   </trkpt>
   <trkpt lat="49.27609" lon="-122.92068">
    <ele>314.44000000000005</ele>
   </trkpt>
   <trkpt lat="49.27608000000001" lon="-122.92063000000002">
    <ele>314.42</ele>
   </trkpt>
   <trkpt lat="49.27617000000001" lon="-122.92020000000001">
    <ele>315.68</ele>
   </trkpt>
   <trkpt lat="49.276160000000004" lon="-122.92002000000001">
    <ele>315.82000000000005</ele>
   </trkpt>
   <trkpt lat="49.27617000000001" lon="-122.92020000000001">
    <ele>315.65000000000003</ele>
   </trkpt>
   <trkpt lat="49.27608000000001" lon="-122.92063000000002">
    <ele>314.44000000000005</ele>
   </trkpt>
   <trkpt lat="49.27609" lon="-122.92068">
    <ele>314.44000000000005</ele>
   </trkpt>
   <trkpt lat="49.276120000000006" lon="-122.92072000000002">
    <ele>314.56</ele>
   </trkpt>
   <trkpt lat="49.27615" lon="-122.92073">
    <ele>314.56</ele>
   </trkpt>
   <trkpt lat="49.27637000000001" lon="-122.92068">
    <ele>317.55</ele>
   </trkpt>
   <trkpt lat="49.27642" lon="-122.92064">
    <ele>318.03000000000003</ele>
   </trkpt>
   <trkpt lat="49.27656" lon="-122.92037">
    <ele>320.1</ele>
   </trkpt>
   <trkpt lat="49.276590000000006" lon="-122.92024">
    <ele>321.97</ele>
   </trkpt>
   <trkpt lat="49.2766" lon="-122.9201">
    <ele>321.97</ele>
   </trkpt>
   <trkpt lat="49.27656" lon="-122.91996">
    <ele>321.85</ele>
   </trkpt>
   <trkpt lat="49.27648000000001" lon="-122.91987">
    <ele>321.81000000000006</ele>
   </trkpt>
   <trkpt lat="49.27647" lon="-122.91983">
    <ele>321.81000000000006</ele>
   </trkpt>
   <trkpt lat="49.276500000000006" lon="-122.91974">
    <ele>322.55</ele>
   </trkpt>
   <trkpt lat="49.27656" lon="-122.91969000000002">
    <ele>323.49</ele>
   </trkpt>
   <trkpt lat="49.276630000000004" lon="-122.91952">
    <ele>325.11</ele>
   </trkpt>
   <trkpt lat="49.27664000000001" lon="-122.91951000000002">
    <ele>325.19000000000005</ele>
   </trkpt>
   <trkpt lat="49.27646000000001" lon="-122.91956">
    <ele>323.46000000000004</ele>
   </trkpt>
   <trkpt lat="49.276430000000005" lon="-122.91953000000001">
    <ele>323.15000000000003</ele>
   </trkpt>
   <trkpt lat="49.276250000000005" lon="-122.91929">
    <ele>321.15999999999997</ele>
   </trkpt>
   <trkpt lat="49.276210000000006" lon="-122.91911">
    <ele>320.61</ele>
   </trkpt>
   <trkpt lat="49.27613" lon="-122.91902">
    <ele>320.07</ele>
   </trkpt>
   <trkpt lat="49.276070000000004" lon="-122.91889">
    <ele>319.89</ele>
   </trkpt>
   <trkpt lat="49.27597" lon="-122.91881000000001">
    <ele>319.85</ele>
   </trkpt>
   <trkpt lat="49.27597" lon="-122.91866000000002">
    <ele>320.35</ele>
   </trkpt>
   <trkpt lat="49.27601000000001" lon="-122.91859000000001">
    <ele>320.65000000000003</ele>
   </trkpt>
   <trkpt lat="49.27601000000001" lon="-122.91854000000001">
    <ele>320.86</ele>
   </trkpt>
   <trkpt lat="49.27582" lon="-122.91826">
    <ele>316.65000000000003</ele>
   </trkpt>
   <trkpt lat="49.275780000000005" lon="-122.91830000000002">
    <ele>316.65000000000003</ele>
   </trkpt>
   <trkpt lat="49.2757" lon="-122.91844">
    <ele>314.55000000000007</ele>
   </trkpt>
   <trkpt lat="49.27561000000001" lon="-122.91845">
    <ele>313.56</ele>
   </trkpt>
   <trkpt lat="49.27561000000001" lon="-122.91843000000001">
    <ele>313.39</ele>
   </trkpt>
   <trkpt lat="49.275580000000005" lon="-122.91832000000001">
    <ele>313.13</ele>
   </trkpt>
   <trkpt lat="49.27532" lon="-122.91827">
    <ele>310.81</ele>
   </trkpt>
   <trkpt lat="49.275290000000005" lon="-122.918">
    <ele>311.52000000000004</ele>
   </trkpt>
   <trkpt lat="49.2753" lon="-122.91777">
    <ele>312.96000000000004</ele>
   </trkpt>
   <trkpt lat="49.27525000000001" lon="-122.91773">
    <ele>312.71000000000004</ele>
   </trkpt>
   <trkpt lat="49.27512" lon="-122.91764">
    <ele>310.6</ele>
   </trkpt>
   <trkpt lat="49.275020000000005" lon="-122.91765000000001">
    <ele>310.16</ele>
   </trkpt>
   <trkpt lat="49.27496000000001" lon="-122.91764">
    <ele>309.77000000000004</ele>
   </trkpt>
   <trkpt lat="49.27487000000001" lon="-122.91741">
    <ele>308.48</ele>
   </trkpt>
   <trkpt lat="49.274820000000005" lon="-122.91738000000001">
    <ele>308.48</ele>
   </trkpt>
   <trkpt lat="49.27474" lon="-122.91738000000001">
    <ele>308.00000000000006</ele>
   </trkpt>
   <trkpt lat="49.2747" lon="-122.91737">
    <ele>307.78</ele>
   </trkpt>
   <trkpt lat="49.2745" lon="-122.91706">
    <ele>306.86</ele>
   </trkpt>
   <trkpt lat="49.27449000000001" lon="-122.91677000000001">
    <ele>307.44000000000005</ele>
   </trkpt>
   <trkpt lat="49.274440000000006" lon="-122.91673000000002">
    <ele>307.44000000000005</ele>
   </trkpt>
   <trkpt lat="49.27443" lon="-122.91647">
    <ele>307.87</ele>
   </trkpt>
   <trkpt lat="49.274370000000005" lon="-122.91625">
    <ele>308.08000000000004</ele>
   </trkpt>
   <trkpt lat="49.27432" lon="-122.91615000000002">
    <ele>308.1</ele>
   </trkpt>
   <trkpt lat="49.27413000000001" lon="-122.91585">
    <ele>307.46</ele>
   </trkpt>
   <trkpt lat="49.27413000000001" lon="-122.91559000000001">
    <ele>307.12</ele>
   </trkpt>
   <trkpt lat="49.274080000000005" lon="-122.91544">
    <ele>306.55</ele>
   </trkpt>
   <trkpt lat="49.27404000000001" lon="-122.9154">
    <ele>306.28000000000003</ele>
   </trkpt>
   <trkpt lat="49.273990000000005" lon="-122.91539000000002">
    <ele>305.95</ele>
   </trkpt>
   <trkpt lat="49.27376" lon="-122.91544">
    <ele>305.14000000000004</ele>
   </trkpt>
   <trkpt lat="49.273720000000004" lon="-122.91541000000001">
    <ele>301.95000000000005</ele>
   </trkpt>
   <trkpt lat="49.27355000000001" lon="-122.91523000000001">
    <ele>301.45000000000005</ele>
   </trkpt>
   <trkpt lat="49.27335" lon="-122.91522">
    <ele>297.39000000000004</ele>
   </trkpt>
   <trkpt lat="49.2732" lon="-122.91526">
    <ele>296.28000000000003</ele>
   </trkpt>
   <trkpt lat="49.27315" lon="-122.91523000000001">
    <ele>295.81</ele>
   </trkpt>
   <trkpt lat="49.27311" lon="-122.91513">
    <ele>295.16</ele>
   </trkpt>
   <trkpt lat="49.27310000000001" lon="-122.91482">
    <ele>294.7</ele>
   </trkpt>
   <trkpt lat="49.27308000000001" lon="-122.91472000000002">
    <ele>294.58</ele>
   </trkpt>
   <trkpt lat="49.27295" lon="-122.91446">
    <ele>293.84000000000003</ele>
   </trkpt>
   <trkpt lat="49.27293" lon="-122.91428">
    <ele>293.50000000000006</ele>
   </trkpt>
   <trkpt lat="49.27279" lon="-122.91414">
    <ele>292.22</ele>
   </trkpt>
   <trkpt lat="49.272740000000006" lon="-122.91414">
    <ele>291.1</ele>
   </trkpt>
   <trkpt lat="49.272650000000006" lon="-122.91418000000002">
    <ele>289.84999999999997</ele>
   </trkpt>
   <trkpt lat="49.272540000000006" lon="-122.91428">
    <ele>287.58</ele>
   </trkpt>
   <trkpt lat="49.27253" lon="-122.91432">
    <ele>287.58</ele>
   </trkpt>
   <trkpt lat="49.2725" lon="-122.91432">
    <ele>287.58</ele>
   </trkpt>
   <trkpt lat="49.27246" lon="-122.91428">
    <ele>284.92</ele>
   </trkpt>
   <trkpt lat="49.27244" lon="-122.91417000000001">
    <ele>284.11</ele>
   </trkpt>
   <trkpt lat="49.272400000000005" lon="-122.91405">
    <ele>282.6</ele>
   </trkpt>
   <trkpt lat="49.27226" lon="-122.91396">
    <ele>280.08</ele>
   </trkpt>
   <trkpt lat="49.27221" lon="-122.91375000000001">
    <ele>280.62</ele>
   </trkpt>
   <trkpt lat="49.272130000000004" lon="-122.9137">
    <ele>281.11</ele>
   </trkpt>
   <trkpt lat="49.2721" lon="-122.91365">
    <ele>281.33000000000004</ele>
   </trkpt>
   <trkpt lat="49.272090000000006" lon="-122.91343">
    <ele>280.66</ele>
   </trkpt>
   <trkpt lat="49.27206" lon="-122.9133">
    <ele>279.94</ele>
   </trkpt>
   <trkpt lat="49.27196000000001" lon="-122.91329">
    <ele>277.52000000000004</ele>
   </trkpt>
   <trkpt lat="49.271930000000005" lon="-122.91325">
    <ele>276.88</ele>
   </trkpt>
   <trkpt lat="49.2719" lon="-122.91317000000001">
    <ele>276.33000000000004</ele>
   </trkpt>
   <trkpt lat="49.2719" lon="-122.91307">
    <ele>276.33000000000004</ele>
   </trkpt>
   <trkpt lat="49.27188" lon="-122.91302">
    <ele>273.87</ele>
   </trkpt>
   <trkpt lat="49.271770000000004" lon="-122.91285">
    <ele>273.87</ele>
   </trkpt>
   <trkpt lat="49.2717" lon="-122.91267">
    <ele>271.52000000000004</ele>
   </trkpt>
   <trkpt lat="49.271570000000004" lon="-122.91249">
    <ele>270.35</ele>
   </trkpt>
   <trkpt lat="49.271420000000006" lon="-122.91217">
    <ele>268.73</ele>
   </trkpt>
   <trkpt lat="49.271370000000005" lon="-122.91199">
    <ele>268.41</ele>
   </trkpt>
   <trkpt lat="49.27134" lon="-122.91168">
    <ele>268.96000000000004</ele>
   </trkpt>
   <trkpt lat="49.271280000000004" lon="-122.91145000000002">
    <ele>268.90000000000003</ele>
   </trkpt>
   <trkpt lat="49.27125" lon="-122.91177">
    <ele>267.87</ele>
   </trkpt>
   <trkpt lat="49.27127" lon="-122.91194000000002">
    <ele>267.66</ele>
   </trkpt>
   <trkpt lat="49.27129000000001" lon="-122.912">
    <ele>267.55</ele>
   </trkpt>
   <trkpt lat="49.271280000000004" lon="-122.91267">
    <ele>265.5</ele>
   </trkpt>
   <trkpt lat="49.271240000000006" lon="-122.9128">
    <ele>265.23</ele>
   </trkpt>
   <trkpt lat="49.27122000000001" lon="-122.91295000000001">
    <ele>265.06</ele>
   </trkpt>
   <trkpt lat="49.27127" lon="-122.91343">
    <ele>265.39</ele>
   </trkpt>
   <trkpt lat="49.271260000000005" lon="-122.91361">
    <ele>264.93</ele>
   </trkpt>
   <trkpt lat="49.27114" lon="-122.91423">
    <ele>261.8</ele>
   </trkpt>
   <trkpt lat="49.27107" lon="-122.91472000000002">
    <ele>259.27</ele>
   </trkpt>
   <trkpt lat="49.271040000000006" lon="-122.91513">
    <ele>257.57</ele>
   </trkpt>
   <trkpt lat="49.271" lon="-122.91527">
    <ele>256.40000000000003</ele>
   </trkpt>
   <trkpt lat="49.271040000000006" lon="-122.91535">
    <ele>256.21</ele>
   </trkpt>
   <trkpt lat="49.27105" lon="-122.91594">
    <ele>255.82999999999998</ele>
   </trkpt>
   <trkpt lat="49.27107" lon="-122.91608000000001">
    <ele>255.81000000000003</ele>
   </trkpt>
   <trkpt lat="49.271150000000006" lon="-122.91635000000001">
    <ele>255.71000000000004</ele>
   </trkpt>
   <trkpt lat="49.271170000000005" lon="-122.91692">
    <ele>254.4</ele>
   </trkpt>
   <trkpt lat="49.27123" lon="-122.91714">
    <ele>254.32999999999998</ele>
   </trkpt>
   <trkpt lat="49.27132" lon="-122.91737">
    <ele>255.08</ele>
   </trkpt>
   <trkpt lat="49.27145" lon="-122.91755">
    <ele>256.38</ele>
   </trkpt>
   <trkpt lat="49.271510000000006" lon="-122.91774000000001">
    <ele>256.78000000000003</ele>
   </trkpt>
   <trkpt lat="49.271460000000005" lon="-122.91795">
    <ele>257.17</ele>
   </trkpt>
   <trkpt lat="49.27147" lon="-122.91808">
    <ele>256.99</ele>
   </trkpt>
   <trkpt lat="49.271510000000006" lon="-122.91817">
    <ele>256.39</ele>
   </trkpt>
   <trkpt lat="49.27161" lon="-122.91826">
    <ele>255.96</ele>
   </trkpt>
   <trkpt lat="49.27167000000001" lon="-122.9184">
    <ele>256.09000000000003</ele>
   </trkpt>
   <trkpt lat="49.27161" lon="-122.91929">
    <ele>255.72</ele>
   </trkpt>
   <trkpt lat="49.271620000000006" lon="-122.91961">
    <ele>255.03000000000003</ele>
   </trkpt>
   <trkpt lat="49.27168" lon="-122.91984000000001">
    <ele>254.76000000000005</ele>
   </trkpt>
   <trkpt lat="49.2717" lon="-122.92005">
    <ele>254.70000000000005</ele>
   </trkpt>
   <trkpt lat="49.27179" lon="-122.92037">
    <ele>255.28</ele>
   </trkpt>
   <trkpt lat="49.27183" lon="-122.92063000000002">
    <ele>255.41000000000003</ele>
   </trkpt>
   <trkpt lat="49.271950000000004" lon="-122.92095">
    <ele>256.97</ele>
   </trkpt>
   <trkpt lat="49.27212" lon="-122.92126">
    <ele>259.07</ele>
   </trkpt>
   <trkpt lat="49.272200000000005" lon="-122.92153">
    <ele>258.48</ele>
   </trkpt>
   <trkpt lat="49.27212" lon="-122.92184">
    <ele>257.04</ele>
   </trkpt>
   <trkpt lat="49.27215" lon="-122.92198">
    <ele>256.27</ele>
   </trkpt>
   <trkpt lat="49.272130000000004" lon="-122.92207">
    <ele>255.81000000000003</ele>
   </trkpt>
   <trkpt lat="49.272090000000006" lon="-122.92216">
    <ele>255.81000000000003</ele>
   </trkpt>
   <trkpt lat="49.272020000000005" lon="-122.92216">
    <ele>253.32999999999998</ele>
   </trkpt>
   <trkpt lat="49.27194" lon="-122.92207">
    <ele>252.28</ele>
   </trkpt>
   <trkpt lat="49.27187000000001" lon="-122.92207">
    <ele>251.73000000000002</ele>
   </trkpt>
   <trkpt lat="49.271860000000004" lon="-122.92217000000001">
    <ele>251.73000000000002</ele>
   </trkpt>
   <trkpt lat="49.27188" lon="-122.92229">
    <ele>248.23000000000002</ele>
   </trkpt>
   <trkpt lat="49.2717" lon="-122.92216">
    <ele>247.60000000000002</ele>
   </trkpt>
   <trkpt lat="49.27159" lon="-122.92225">
    <ele>245.55</ele>
   </trkpt>
   <trkpt lat="49.27152" lon="-122.92243">
    <ele>244.28000000000003</ele>
   </trkpt>
   <trkpt lat="49.27149000000001" lon="-122.92278">
    <ele>240.29000000000002</ele>
   </trkpt>
   <trkpt lat="49.27160000000001" lon="-122.92320000000001">
    <ele>238.11</ele>
   </trkpt>
   <trkpt lat="49.27174" lon="-122.92342000000001">
    <ele>236.21000000000004</ele>
   </trkpt>
   <trkpt lat="49.27185" lon="-122.92368">
    <ele>234.77</ele>
   </trkpt>
   <trkpt lat="49.27194" lon="-122.92382">
    <ele>234.66</ele>
   </trkpt>
   <trkpt lat="49.272090000000006" lon="-122.92396000000001">
    <ele>235.31</ele>
   </trkpt>
   <trkpt lat="49.272580000000005" lon="-122.92439000000002">
    <ele>239.20000000000002</ele>
   </trkpt>
   <trkpt lat="49.27257" lon="-122.92438000000001">
    <ele>239.20000000000002</ele>
   </trkpt>
   <trkpt lat="49.27282" lon="-122.92458">
    <ele>241.87000000000003</ele>
   </trkpt>
   <trkpt lat="49.27297" lon="-122.92466000000002">
    <ele>244.00000000000003</ele>
   </trkpt>
   <trkpt lat="49.27309" lon="-122.92468000000001">
    <ele>244.00000000000003</ele>
   </trkpt>
   <trkpt lat="49.273070000000004" lon="-122.92484">
    <ele>244.21</ele>
   </trkpt>
   <trkpt lat="49.27308000000001" lon="-122.92488000000002">
    <ele>244.21</ele>
   </trkpt>
   <trkpt lat="49.273520000000005" lon="-122.92529">
    <ele>247.68</ele>
   </trkpt>
   <trkpt lat="49.27357000000001" lon="-122.92541000000001">
    <ele>248.21</ele>
   </trkpt>
   <trkpt lat="49.273520000000005" lon="-122.92529">
    <ele>247.68</ele>
   </trkpt>
   <trkpt lat="49.27308000000001" lon="-122.92488000000002">
    <ele>244.21</ele>
   </trkpt>
   <trkpt lat="49.273070000000004" lon="-122.92474000000001">
    <ele>243.50000000000003</ele>
   </trkpt>
   <trkpt lat="49.27308000000001" lon="-122.92488000000002">
    <ele>244.21</ele>
   </trkpt>
   <trkpt lat="49.273520000000005" lon="-122.92529">
    <ele>247.68</ele>
   </trkpt>
   <trkpt lat="49.27357000000001" lon="-122.92541000000001">
    <ele>246.69000000000003</ele>
   </trkpt>
   <trkpt lat="49.27376" lon="-122.92561">
    <ele>250.32000000000005</ele>
   </trkpt>
   <trkpt lat="49.273810000000005" lon="-122.92578">
    <ele>249.92000000000002</ele>
   </trkpt>
   <trkpt lat="49.27387" lon="-122.92583">
    <ele>249.75000000000003</ele>
   </trkpt>
   <trkpt lat="49.27393000000001" lon="-122.92592">
    <ele>249.61</ele>
   </trkpt>
   <trkpt lat="49.273950000000006" lon="-122.92601">
    <ele>249.61</ele>
   </trkpt>
   <trkpt lat="49.274383340282284" lon="-122.92690665093424">
    <ele>250.82999999999998</ele>
   </trkpt>
   <trkpt lat="49.27481667362632" lon="-122.92780331762282">
    <ele>253.98000000000005</ele>
   </trkpt>
   <trkpt lat="49.27525000000001" lon="-122.9287">
    <ele>258.78000000000003</ele>
   </trkpt>
   <trkpt lat="49.27481667359444" lon="-122.92780331755684">
    <ele>253.53000000000003</ele>
   </trkpt>
   <trkpt lat="49.2743833402504" lon="-122.92690665086823">
    <ele>250.82999999999998</ele>
   </trkpt>
   <trkpt lat="49.273950000000006" lon="-122.92601">
    <ele>249.61</ele>
   </trkpt>
   <trkpt lat="49.27393000000001" lon="-122.92592">
    <ele>249.75000000000003</ele>
   </trkpt>
   <trkpt lat="49.27387" lon="-122.92583">
    <ele>249.92000000000002</ele>
   </trkpt>
   <trkpt lat="49.273810000000005" lon="-122.92578">
    <ele>249.92000000000002</ele>
   </trkpt>
   <trkpt lat="49.27376" lon="-122.92561">
    <ele>250.32000000000005</ele>
   </trkpt>
   <trkpt lat="49.27357000000001" lon="-122.92541000000001">
    <ele>248.21</ele>
   </trkpt>
   <trkpt lat="49.273520000000005" lon="-122.92529">
    <ele>247.68</ele>
   </trkpt>
   <trkpt lat="49.27308000000001" lon="-122.92488000000002">
    <ele>244.21</ele>
   </trkpt>
   <trkpt lat="49.273070000000004" lon="-122.92484">
    <ele>243.47000000000003</ele>
   </trkpt>
   <trkpt lat="49.27309" lon="-122.92468000000001">
    <ele>244.00000000000003</ele>
   </trkpt>
   <trkpt lat="49.27297" lon="-122.92466000000002">
    <ele>241.87000000000003</ele>
   </trkpt>
   <trkpt lat="49.27282" lon="-122.92458">
    <ele>241.06000000000003</ele>
   </trkpt>
   <trkpt lat="49.27248" lon="-122.92431">
    <ele>236.99</ele>
   </trkpt>
   <trkpt lat="49.27208" lon="-122.92395">
    <ele>235.27</ele>
   </trkpt>
   <trkpt lat="49.272020000000005" lon="-122.92407000000001">
    <ele>232.17000000000002</ele>
   </trkpt>
   <trkpt lat="49.271800000000006" lon="-122.92384000000001">
    <ele>229.46</ele>
   </trkpt>
   <trkpt lat="49.27185" lon="-122.92368">
    <ele>234.77</ele>
   </trkpt>
   <trkpt lat="49.27174" lon="-122.92342000000001">
    <ele>236.21000000000004</ele>
   </trkpt>
   <trkpt lat="49.27160000000001" lon="-122.92320000000001">
    <ele>238.11</ele>
   </trkpt>
   <trkpt lat="49.27149000000001" lon="-122.92278">
    <ele>240.29000000000002</ele>
   </trkpt>
   <trkpt lat="49.27152" lon="-122.92243">
    <ele>244.28000000000003</ele>
   </trkpt>
   <trkpt lat="49.27159" lon="-122.92225">
    <ele>245.55</ele>
   </trkpt>
   <trkpt lat="49.2717" lon="-122.92216">
    <ele>247.60000000000002</ele>
   </trkpt>
   <trkpt lat="49.27188" lon="-122.92229">
    <ele>248.23000000000002</ele>
   </trkpt>
   <trkpt lat="49.271860000000004" lon="-122.92217000000001">
    <ele>251.73000000000002</ele>
   </trkpt>
   <trkpt lat="49.27187000000001" lon="-122.92207">
    <ele>251.73000000000002</ele>
   </trkpt>
   <trkpt lat="49.27194" lon="-122.92207">
    <ele>252.28</ele>
   </trkpt>
   <trkpt lat="49.272020000000005" lon="-122.92216">
    <ele>253.32999999999998</ele>
   </trkpt>
   <trkpt lat="49.272090000000006" lon="-122.92216">
    <ele>255.81000000000003</ele>
   </trkpt>
   <trkpt lat="49.272130000000004" lon="-122.92207">
    <ele>255.81000000000003</ele>
   </trkpt>
   <trkpt lat="49.27215" lon="-122.92198">
    <ele>256.27</ele>
   </trkpt>
   <trkpt lat="49.27212" lon="-122.92184">
    <ele>257.04</ele>
   </trkpt>
   <trkpt lat="49.272200000000005" lon="-122.92153">
    <ele>258.48</ele>
   </trkpt>
   <trkpt lat="49.27212" lon="-122.92126">
    <ele>259.07</ele>
   </trkpt>
   <trkpt lat="49.271950000000004" lon="-122.92095">
    <ele>256.97</ele>
   </trkpt>
   <trkpt lat="49.27183" lon="-122.92063000000002">
    <ele>255.41000000000003</ele>
   </trkpt>
   <trkpt lat="49.27179" lon="-122.92037">
    <ele>255.28</ele>
   </trkpt>
   <trkpt lat="49.2717" lon="-122.92005">
    <ele>254.70000000000005</ele>
   </trkpt>
   <trkpt lat="49.27168" lon="-122.91984000000001">
    <ele>254.76000000000005</ele>
   </trkpt>
   <trkpt lat="49.271620000000006" lon="-122.91961">
    <ele>255.03000000000003</ele>
   </trkpt>
   <trkpt lat="49.27161" lon="-122.91929">
    <ele>255.72</ele>
   </trkpt>
   <trkpt lat="49.27167000000001" lon="-122.9184">
    <ele>256.09000000000003</ele>
   </trkpt>
   <trkpt lat="49.27161" lon="-122.91826">
    <ele>255.96</ele>
   </trkpt>
   <trkpt lat="49.271510000000006" lon="-122.91817">
    <ele>256.39</ele>
   </trkpt>
   <trkpt lat="49.27147" lon="-122.91808">
    <ele>256.95</ele>
   </trkpt>
   <trkpt lat="49.271460000000005" lon="-122.91807000000001">
    <ele>256.99</ele>
   </trkpt>
   <trkpt lat="49.27134" lon="-122.91808">
    <ele>253.65000000000003</ele>
   </trkpt>
   <trkpt lat="49.27113000000001" lon="-122.918">
    <ele>242.39000000000001</ele>
   </trkpt>
   <trkpt lat="49.271060000000006" lon="-122.91804">
    <ele>242.39000000000001</ele>
   </trkpt>
   <trkpt lat="49.270950000000006" lon="-122.91799">
    <ele>242.39000000000001</ele>
   </trkpt>
   <trkpt lat="49.27089" lon="-122.91803000000002">
    <ele>240.03000000000003</ele>
   </trkpt>
   <trkpt lat="49.27049" lon="-122.91836">
    <ele>229.73000000000002</ele>
   </trkpt>
   <trkpt lat="49.270410000000005" lon="-122.91836">
    <ele>228.71</ele>
   </trkpt>
   <trkpt lat="49.270250000000004" lon="-122.91832000000001">
    <ele>224.17000000000002</ele>
   </trkpt>
   <trkpt lat="49.270100000000006" lon="-122.91832000000001">
    <ele>220.78000000000003</ele>
   </trkpt>
   <trkpt lat="49.27011" lon="-122.91832000000001">
    <ele>220.78000000000003</ele>
   </trkpt>
   <trkpt lat="49.26995" lon="-122.91827">
    <ele>215.57</ele>
   </trkpt>
   <trkpt lat="49.269780000000004" lon="-122.91849">
    <ele>212.72000000000003</ele>
   </trkpt>
   <trkpt lat="49.26971" lon="-122.91853">
    <ele>210.99</ele>
   </trkpt>
   <trkpt lat="49.269650000000006" lon="-122.91854000000001">
    <ele>208.49</ele>
   </trkpt>
   <trkpt lat="49.269580000000005" lon="-122.91853">
    <ele>208.49</ele>
   </trkpt>
   <trkpt lat="49.269450000000006" lon="-122.91841000000001">
    <ele>205.25</ele>
   </trkpt>
   <trkpt lat="49.2693" lon="-122.91835">
    <ele>202.67000000000002</ele>
   </trkpt>
   <trkpt lat="49.26906" lon="-122.91835">
    <ele>197.64000000000001</ele>
   </trkpt>
   <trkpt lat="49.26888" lon="-122.91845">
    <ele>192.57000000000002</ele>
   </trkpt>
   <trkpt lat="49.26878000000001" lon="-122.91845">
    <ele>191.59</ele>
   </trkpt>
   <trkpt lat="49.26863" lon="-122.91850000000001">
    <ele>188.62</ele>
   </trkpt>
   <trkpt lat="49.26863" lon="-122.91851000000001">
    <ele>188.46</ele>
   </trkpt>
   <trkpt lat="49.26849000000001" lon="-122.91859000000001">
    <ele>186.28000000000003</ele>
   </trkpt>
   <trkpt lat="49.267990005126734" lon="-122.91750498910639">
    <ele>181.13</ele>
   </trkpt>
   <trkpt lat="49.26749" lon="-122.91642000000002">
    <ele>171.71</ele>
   </trkpt>
   <trkpt lat="49.267430000000004" lon="-122.91627000000001">
    <ele>172.34</ele>
   </trkpt>
   <trkpt lat="49.267570000000006" lon="-122.91615000000002">
    <ele>173.44</ele>
   </trkpt>
   <trkpt lat="49.26775000000001" lon="-122.91555000000001">
    <ele>178.95000000000002</ele>
   </trkpt>
   <trkpt lat="49.26774" lon="-122.91557000000002">
    <ele>178.87</ele>
   </trkpt>
   <trkpt lat="49.26809" lon="-122.91445000000002">
    <ele>188.32000000000002</ele>
   </trkpt>
   <trkpt lat="49.268100000000004" lon="-122.91445000000002">
    <ele>188.42</ele>
   </trkpt>
   <trkpt lat="49.268390000000004" lon="-122.91482">
    <ele>193.42000000000002</ele>
   </trkpt>
   <trkpt lat="49.26856" lon="-122.91513">
    <ele>195.39000000000001</ele>
   </trkpt>
   <trkpt lat="49.26867000000001" lon="-122.91529000000001">
    <ele>197.54000000000002</ele>
   </trkpt>
   <trkpt lat="49.26868" lon="-122.91529000000001">
    <ele>197.54000000000002</ele>
   </trkpt>
   <trkpt lat="49.268710000000006" lon="-122.91512000000002">
    <ele>199.17000000000002</ele>
   </trkpt>
   <trkpt lat="49.268890000000006" lon="-122.91434000000001">
    <ele>204.56</ele>
   </trkpt>
   <trkpt lat="49.2689" lon="-122.91432">
    <ele>204.49</ele>
   </trkpt>
   <trkpt lat="49.26899" lon="-122.9145">
    <ele>206.3</ele>
   </trkpt>
   <trkpt lat="49.26914000000001" lon="-122.91491">
    <ele>209.11</ele>
   </trkpt>
   <trkpt lat="49.269220000000004" lon="-122.91508">
    <ele>210.66</ele>
   </trkpt>
   <trkpt lat="49.269360000000006" lon="-122.91527">
    <ele>213.87</ele>
   </trkpt>
   <trkpt lat="49.269490000000005" lon="-122.91562">
    <ele>215.86</ele>
   </trkpt>
   <trkpt lat="49.269670000000005" lon="-122.91603">
    <ele>218.45</ele>
   </trkpt>
   <trkpt lat="49.26984" lon="-122.91664000000002">
    <ele>222.34</ele>
   </trkpt>
   <trkpt lat="49.26988" lon="-122.91687">
    <ele>222.46</ele>
   </trkpt>
   <trkpt lat="49.27019000000001" lon="-122.91738000000001">
    <ele>226.73000000000002</ele>
   </trkpt>
   <trkpt lat="49.270250000000004" lon="-122.91756000000001">
    <ele>228.80000000000004</ele>
   </trkpt>
   <trkpt lat="49.27033" lon="-122.91760000000001">
    <ele>229.9</ele>
   </trkpt>
   <trkpt lat="49.270320000000005" lon="-122.91760000000001">
    <ele>229.82000000000002</ele>
   </trkpt>
   <trkpt lat="49.270360000000004" lon="-122.9175">
    <ele>230.67000000000002</ele>
   </trkpt>
   <trkpt lat="49.2704" lon="-122.91705">
    <ele>234.5</ele>
   </trkpt>
   <trkpt lat="49.2704" lon="-122.91692">
    <ele>234.69</ele>
   </trkpt>
   <trkpt lat="49.27037000000001" lon="-122.91671000000001">
    <ele>235.08</ele>
   </trkpt>
   <trkpt lat="49.270360000000004" lon="-122.91625">
    <ele>236.78</ele>
   </trkpt>
   <trkpt lat="49.270410000000005" lon="-122.91585">
    <ele>240.04000000000002</ele>
   </trkpt>
   <trkpt lat="49.27046000000001" lon="-122.91577000000001">
    <ele>240.85</ele>
   </trkpt>
   <trkpt lat="49.27055000000001" lon="-122.91576">
    <ele>241.8</ele>
   </trkpt>
   <trkpt lat="49.270700000000005" lon="-122.91585">
    <ele>246.78000000000003</ele>
   </trkpt>
   <trkpt lat="49.27075000000001" lon="-122.9158">
    <ele>248.45000000000002</ele>
   </trkpt>
   <trkpt lat="49.270790000000005" lon="-122.91572000000001">
    <ele>248.45000000000002</ele>
   </trkpt>
   <trkpt lat="49.270880000000005" lon="-122.91531">
    <ele>254.08</ele>
   </trkpt>
   <trkpt lat="49.27096" lon="-122.9154">
    <ele>254.8</ele>
   </trkpt>
   <trkpt lat="49.271" lon="-122.91527">
    <ele>256.40000000000003</ele>
   </trkpt>
   <trkpt lat="49.270990000000005" lon="-122.91529000000001">
    <ele>256.40000000000003</ele>
   </trkpt>
   <trkpt lat="49.271040000000006" lon="-122.91513">
    <ele>258.02000000000004</ele>
   </trkpt>
   <trkpt lat="49.27107" lon="-122.91472000000002">
    <ele>260.37000000000006</ele>
   </trkpt>
   <trkpt lat="49.27114" lon="-122.91423">
    <ele>261.8</ele>
   </trkpt>
   <trkpt lat="49.271260000000005" lon="-122.91361">
    <ele>264.93</ele>
   </trkpt>
   <trkpt lat="49.27127" lon="-122.91343">
    <ele>265.45</ele>
   </trkpt>
   <trkpt lat="49.27122000000001" lon="-122.91295000000001">
    <ele>265.06</ele>
   </trkpt>
   <trkpt lat="49.271240000000006" lon="-122.9128">
    <ele>265.35</ele>
   </trkpt>
   <trkpt lat="49.271280000000004" lon="-122.91267">
    <ele>265.67</ele>
   </trkpt>
   <trkpt lat="49.27129000000001" lon="-122.912">
    <ele>267.64000000000004</ele>
   </trkpt>
   <trkpt lat="49.27125" lon="-122.91177">
    <ele>267.87</ele>
   </trkpt>
   <trkpt lat="49.271280000000004" lon="-122.91145000000002">
    <ele>268.90000000000003</ele>
   </trkpt>
   <trkpt lat="49.27069" lon="-122.91141">
    <ele>253.73000000000002</ele>
   </trkpt>
   <trkpt lat="49.27029" lon="-122.91145000000002">
    <ele>245.57</ele>
   </trkpt>
   <trkpt lat="49.270270000000004" lon="-122.91145000000002">
    <ele>245.31000000000003</ele>
   </trkpt>
   <trkpt lat="49.270160000000004" lon="-122.91146">
    <ele>241.29000000000002</ele>
   </trkpt>
   <trkpt lat="49.26982" lon="-122.91142">
    <ele>232.95000000000002</ele>
   </trkpt>
   <trkpt lat="49.26948" lon="-122.91146">
    <ele>222.95000000000002</ele>
   </trkpt>
   <trkpt lat="49.26932000000001" lon="-122.91141">
    <ele>219.34</ele>
   </trkpt>
   <trkpt lat="49.26919" lon="-122.91147000000001">
    <ele>215.93</ele>
   </trkpt>
   <trkpt lat="49.26912" lon="-122.91164">
    <ele>213.49</ele>
   </trkpt>
   <trkpt lat="49.26912" lon="-122.91177">
    <ele>212.46</ele>
   </trkpt>
   <trkpt lat="49.26915" lon="-122.91192000000001">
    <ele>212.06000000000003</ele>
   </trkpt>
   <trkpt lat="49.269040000000004" lon="-122.91213">
    <ele>211.27</ele>
   </trkpt>
   <trkpt lat="49.268910000000005" lon="-122.91226">
    <ele>208.08</ele>
   </trkpt>
   <trkpt lat="49.268800000000006" lon="-122.91227">
    <ele>205.93000000000004</ele>
   </trkpt>
   <trkpt lat="49.26869000000001" lon="-122.91221000000002">
    <ele>203.02</ele>
   </trkpt>
   <trkpt lat="49.26867000000001" lon="-122.91253">
    <ele>200.8</ele>
   </trkpt>
   <trkpt lat="49.26838000400325" lon="-122.91349500572201">
    <ele>192.16000000000003</ele>
   </trkpt>
   <trkpt lat="49.26809" lon="-122.91446">
    <ele>188.38000000000002</ele>
   </trkpt>
   <trkpt lat="49.268100000000004" lon="-122.91445000000002">
    <ele>188.42</ele>
   </trkpt>
   <trkpt lat="49.268390000000004" lon="-122.91482">
    <ele>193.42000000000002</ele>
   </trkpt>
   <trkpt lat="49.26856" lon="-122.91513">
    <ele>195.39000000000001</ele>
   </trkpt>
   <trkpt lat="49.26868" lon="-122.91530000000002">
    <ele>198.15</ele>
   </trkpt>
   <trkpt lat="49.268710000000006" lon="-122.91512000000002">
    <ele>199.17000000000002</ele>
   </trkpt>
   <trkpt lat="49.268860000000004" lon="-122.91454000000002">
    <ele>202.92000000000002</ele>
   </trkpt>
   <trkpt lat="49.2689" lon="-122.91432">
    <ele>204.68000000000004</ele>
   </trkpt>
   <trkpt lat="49.26899" lon="-122.9145">
    <ele>206.3</ele>
   </trkpt>
   <trkpt lat="49.26914000000001" lon="-122.91491">
    <ele>209.11</ele>
   </trkpt>
   <trkpt lat="49.269220000000004" lon="-122.91508">
    <ele>210.66</ele>
   </trkpt>
   <trkpt lat="49.269360000000006" lon="-122.91527">
    <ele>213.87</ele>
   </trkpt>
   <trkpt lat="49.269490000000005" lon="-122.91562">
    <ele>215.86</ele>
   </trkpt>
   <trkpt lat="49.269670000000005" lon="-122.91603">
    <ele>219.81</ele>
   </trkpt>
   <trkpt lat="49.26984" lon="-122.91664000000002">
    <ele>222.34</ele>
   </trkpt>
   <trkpt lat="49.26988" lon="-122.91687">
    <ele>222.46</ele>
   </trkpt>
   <trkpt lat="49.27019000000001" lon="-122.91738000000001">
    <ele>226.73000000000002</ele>
   </trkpt>
   <trkpt lat="49.270250000000004" lon="-122.91756000000001">
    <ele>228.80000000000004</ele>
   </trkpt>
   <trkpt lat="49.27033" lon="-122.91760000000001">
    <ele>230.67000000000002</ele>
   </trkpt>
   <trkpt lat="49.270360000000004" lon="-122.9175">
    <ele>231.23000000000002</ele>
   </trkpt>
   <trkpt lat="49.2704" lon="-122.91705">
    <ele>234.5</ele>
   </trkpt>
   <trkpt lat="49.2704" lon="-122.91692">
    <ele>234.69</ele>
   </trkpt>
   <trkpt lat="49.27037000000001" lon="-122.91671000000001">
    <ele>235.24000000000004</ele>
   </trkpt>
   <trkpt lat="49.270360000000004" lon="-122.91625">
    <ele>236.78</ele>
   </trkpt>
   <trkpt lat="49.270410000000005" lon="-122.91585">
    <ele>240.04000000000002</ele>
   </trkpt>
   <trkpt lat="49.27046000000001" lon="-122.91577000000001">
    <ele>240.85</ele>
   </trkpt>
   <trkpt lat="49.27055000000001" lon="-122.91576">
    <ele>244.94000000000003</ele>
   </trkpt>
   <trkpt lat="49.270700000000005" lon="-122.91585">
    <ele>246.78000000000003</ele>
   </trkpt>
   <trkpt lat="49.27075000000001" lon="-122.9158">
    <ele>248.45000000000002</ele>
   </trkpt>
   <trkpt lat="49.270790000000005" lon="-122.91572000000001">
    <ele>250.01</ele>
   </trkpt>
   <trkpt lat="49.270880000000005" lon="-122.91531">
    <ele>254.08</ele>
   </trkpt>
   <trkpt lat="49.27096" lon="-122.9154">
    <ele>255.57000000000002</ele>
   </trkpt>
   <trkpt lat="49.271040000000006" lon="-122.91513">
    <ele>258.02000000000004</ele>
   </trkpt>
   <trkpt lat="49.27107" lon="-122.91472000000002">
    <ele>260.37000000000006</ele>
   </trkpt>
   <trkpt lat="49.27114" lon="-122.91423">
    <ele>261.8</ele>
   </trkpt>
   <trkpt lat="49.271260000000005" lon="-122.91361">
    <ele>265.20000000000005</ele>
   </trkpt>
   <trkpt lat="49.27127" lon="-122.91343">
    <ele>265.45</ele>
   </trkpt>
   <trkpt lat="49.27122000000001" lon="-122.91295000000001">
    <ele>265.06</ele>
   </trkpt>
   <trkpt lat="49.271240000000006" lon="-122.9128">
    <ele>265.35</ele>
   </trkpt>
   <trkpt lat="49.271280000000004" lon="-122.91267">
    <ele>265.67</ele>
   </trkpt>
   <trkpt lat="49.27129000000001" lon="-122.912">
    <ele>267.64000000000004</ele>
   </trkpt>
   <trkpt lat="49.27125" lon="-122.91177">
    <ele>268.02000000000004</ele>
   </trkpt>
   <trkpt lat="49.271280000000004" lon="-122.91145000000002">
    <ele>268.90000000000003</ele>
   </trkpt>
   <trkpt lat="49.2715" lon="-122.91145000000002">
    <ele>271.16</ele>
   </trkpt>
   <trkpt lat="49.27197" lon="-122.91129000000001">
    <ele>282.24000000000007</ele>
   </trkpt>
   <trkpt lat="49.27264" lon="-122.91101">
    <ele>292.76</ele>
   </trkpt>
   <trkpt lat="49.27293" lon="-122.91094000000001">
    <ele>295.72</ele>
   </trkpt>
   <trkpt lat="49.27291" lon="-122.91095000000001">
    <ele>295.71000000000004</ele>
   </trkpt>
   <trkpt lat="49.27324" lon="-122.90999000000001">
    <ele>299.32000000000005</ele>
   </trkpt>
   <trkpt lat="49.273540000000004" lon="-122.90916000000001">
    <ele>301.92</ele>
   </trkpt>
   <trkpt lat="49.27355000000001" lon="-122.90916000000001">
    <ele>301.95000000000005</ele>
   </trkpt>
   <trkpt lat="49.273520000000005" lon="-122.90909">
    <ele>301.95000000000005</ele>
   </trkpt>
   <trkpt lat="49.273500000000006" lon="-122.909">
    <ele>299.46</ele>
   </trkpt>
   <trkpt lat="49.2734" lon="-122.90886">
    <ele>297.27000000000004</ele>
   </trkpt>
   <trkpt lat="49.27322" lon="-122.90873">
    <ele>294.8</ele>
   </trkpt>
   <trkpt lat="49.273160000000004" lon="-122.90872000000002">
    <ele>293.39000000000004</ele>
   </trkpt>
   <trkpt lat="49.27310000000001" lon="-122.90873">
    <ele>292.61</ele>
   </trkpt>
   <trkpt lat="49.27288" lon="-122.90886">
    <ele>288.76</ele>
   </trkpt>
   <trkpt lat="49.272800000000004" lon="-122.90883000000001">
    <ele>287.44</ele>
   </trkpt>
   <trkpt lat="49.27264" lon="-122.90858000000001">
    <ele>284.84000000000003</ele>
   </trkpt>
   <trkpt lat="49.27248" lon="-122.90864">
    <ele>282.1</ele>
   </trkpt>
   <trkpt lat="49.27234000000001" lon="-122.90868">
    <ele>280.57000000000005</ele>
   </trkpt>
   <trkpt lat="49.27226" lon="-122.90868">
    <ele>276.59</ele>
   </trkpt>
   <trkpt lat="49.27216000000001" lon="-122.90877">
    <ele>276.59</ele>
   </trkpt>
   <trkpt lat="49.272110000000005" lon="-122.90873">
    <ele>275.09</ele>
   </trkpt>
   <trkpt lat="49.27201" lon="-122.9086">
    <ele>273.68</ele>
   </trkpt>
   <trkpt lat="49.2719" lon="-122.90868">
    <ele>270.93</ele>
   </trkpt>
   <trkpt lat="49.271800000000006" lon="-122.90864">
    <ele>269.3</ele>
   </trkpt>
   <trkpt lat="49.271710000000006" lon="-122.90864">
    <ele>267.52000000000004</ele>
   </trkpt>
   <trkpt lat="49.271730000000005" lon="-122.90855">
    <ele>267.44</ele>
   </trkpt>
   <trkpt lat="49.271710000000006" lon="-122.90865000000001">
    <ele>267.52000000000004</ele>
   </trkpt>
   <trkpt lat="49.27165" lon="-122.90864">
    <ele>267.52000000000004</ele>
   </trkpt>
   <trkpt lat="49.271480000000004" lon="-122.90868">
    <ele>261.94</ele>
   </trkpt>
   <trkpt lat="49.27140000000001" lon="-122.9085">
    <ele>259.88</ele>
   </trkpt>
   <trkpt lat="49.271260000000005" lon="-122.90846">
    <ele>259.88</ele>
   </trkpt>
   <trkpt lat="49.27107" lon="-122.90832">
    <ele>250.45</ele>
   </trkpt>
   <trkpt lat="49.27098" lon="-122.90829000000001">
    <ele>248.47000000000003</ele>
   </trkpt>
   <trkpt lat="49.27085" lon="-122.9081">
    <ele>246.06000000000003</ele>
   </trkpt>
   <trkpt lat="49.27085" lon="-122.90796000000002">
    <ele>245.07</ele>
   </trkpt>
   <trkpt lat="49.270920000000004" lon="-122.90774">
    <ele>243.18</ele>
   </trkpt>
   <trkpt lat="49.27089" lon="-122.90760000000002">
    <ele>241.54000000000002</ele>
   </trkpt>
   <trkpt lat="49.270810000000004" lon="-122.90748">
    <ele>238.8</ele>
   </trkpt>
   <trkpt lat="49.270790000000005" lon="-122.90725">
    <ele>236.67000000000002</ele>
   </trkpt>
   <trkpt lat="49.27085" lon="-122.90708000000001">
    <ele>235.81</ele>
   </trkpt>
   <trkpt lat="49.271" lon="-122.90685">
    <ele>235.73000000000002</ele>
   </trkpt>
   <trkpt lat="49.27107" lon="-122.90671">
    <ele>234.75</ele>
   </trkpt>
   <trkpt lat="49.27105" lon="-122.90666000000002">
    <ele>233.98000000000002</ele>
   </trkpt>
   <trkpt lat="49.27093000000001" lon="-122.90653">
    <ele>230.92000000000002</ele>
   </trkpt>
   <trkpt lat="49.270880000000005" lon="-122.90644">
    <ele>228.56</ele>
   </trkpt>
   <trkpt lat="49.27087" lon="-122.90635">
    <ele>228.56</ele>
   </trkpt>
   <trkpt lat="49.270880000000005" lon="-122.90623000000001">
    <ele>223.60000000000002</ele>
   </trkpt>
   <trkpt lat="49.270990000000005" lon="-122.90586">
    <ele>218.97000000000003</ele>
   </trkpt>
   <trkpt lat="49.27096" lon="-122.90577">
    <ele>215.94000000000003</ele>
   </trkpt>
   <trkpt lat="49.270830000000004" lon="-122.90577">
    <ele>213.78000000000003</ele>
   </trkpt>
   <trkpt lat="49.27078" lon="-122.90564">
    <ele>210.18</ele>
   </trkpt>
   <trkpt lat="49.27074" lon="-122.90559">
    <ele>209.00000000000003</ele>
   </trkpt>
   <trkpt lat="49.27071" lon="-122.9055">
    <ele>207.88</ele>
   </trkpt>
   <trkpt lat="49.270700000000005" lon="-122.90523">
    <ele>203.82000000000002</ele>
   </trkpt>
   <trkpt lat="49.270680000000006" lon="-122.90519">
    <ele>203.82000000000002</ele>
   </trkpt>
   <trkpt lat="49.2706" lon="-122.9051">
    <ele>200.29000000000002</ele>
   </trkpt>
   <trkpt lat="49.27047" lon="-122.90520000000001">
    <ele>198.5</ele>
   </trkpt>
   <trkpt lat="49.270450000000004" lon="-122.90515">
    <ele>197.56</ele>
   </trkpt>
   <trkpt lat="49.270500000000006" lon="-122.90501">
    <ele>194.24</ele>
   </trkpt>
   <trkpt lat="49.27049" lon="-122.90497">
    <ele>194.24</ele>
   </trkpt>
   <trkpt lat="49.2704" lon="-122.90497">
    <ele>192.88000000000002</ele>
   </trkpt>
   <trkpt lat="49.270320000000005" lon="-122.90488">
    <ele>188.60000000000002</ele>
   </trkpt>
   <trkpt lat="49.27031" lon="-122.90483">
    <ele>187.28</ele>
   </trkpt>
   <trkpt lat="49.27033" lon="-122.90474">
    <ele>185.01</ele>
   </trkpt>
   <trkpt lat="49.270450000000004" lon="-122.90461">
    <ele>182.86</ele>
   </trkpt>
   <trkpt lat="49.270590000000006" lon="-122.90429">
    <ele>180.37</ele>
   </trkpt>
   <trkpt lat="49.27066000000001" lon="-122.9042">
    <ele>179.05</ele>
   </trkpt>
   <trkpt lat="49.27069" lon="-122.90398">
    <ele>175.35</ele>
   </trkpt>
   <trkpt lat="49.27066000000001" lon="-122.90358">
    <ele>167.76000000000002</ele>
   </trkpt>
   <trkpt lat="49.270610000000005" lon="-122.90358">
    <ele>166.71</ele>
   </trkpt>
   <trkpt lat="49.270520000000005" lon="-122.90371">
    <ele>165.0</ele>
   </trkpt>
   <trkpt lat="49.270500000000006" lon="-122.90371">
    <ele>165.0</ele>
   </trkpt>
   <trkpt lat="49.270480000000006" lon="-122.90363">
    <ele>162.86</ele>
   </trkpt>
   <trkpt lat="49.27053" lon="-122.90344">
    <ele>160.47</ele>
   </trkpt>
   <trkpt lat="49.270520000000005" lon="-122.9034">
    <ele>160.47</ele>
   </trkpt>
   <trkpt lat="49.27049" lon="-122.9034">
    <ele>160.47</ele>
   </trkpt>
   <trkpt lat="49.27033" lon="-122.90349">
    <ele>157.12</ele>
   </trkpt>
   <trkpt lat="49.27018" lon="-122.90345">
    <ele>154.12</ele>
   </trkpt>
   <trkpt lat="49.270010000000006" lon="-122.90353">
    <ele>148.64000000000001</ele>
   </trkpt>
   <trkpt lat="49.26999000000001" lon="-122.90353">
    <ele>148.64000000000001</ele>
   </trkpt>
   <trkpt lat="49.270100000000006" lon="-122.90326">
    <ele>144.24</ele>
   </trkpt>
   <trkpt lat="49.270100000000006" lon="-122.90322">
    <ele>144.24</ele>
   </trkpt>
   <trkpt lat="49.270050000000005" lon="-122.90304">
    <ele>143.54</ele>
   </trkpt>
   <trkpt lat="49.27002" lon="-122.903">
    <ele>140.39000000000001</ele>
   </trkpt>
   <trkpt lat="49.26991" lon="-122.90304">
    <ele>139.68</ele>
   </trkpt>
   <trkpt lat="49.269850000000005" lon="-122.90313">
    <ele>139.03</ele>
   </trkpt>
   <trkpt lat="49.26979000000001" lon="-122.90304">
    <ele>137.87</ele>
   </trkpt>
   <trkpt lat="49.26972000000001" lon="-122.90286">
    <ele>136.52</ele>
   </trkpt>
   <trkpt lat="49.26972000000001" lon="-122.90277">
    <ele>134.08</ele>
   </trkpt>
   <trkpt lat="49.269800000000004" lon="-122.90246">
    <ele>131.45000000000002</ele>
   </trkpt>
   <trkpt lat="49.26979000000001" lon="-122.90245000000002">
    <ele>131.45000000000002</ele>
   </trkpt>
   <trkpt lat="49.269760000000005" lon="-122.90245000000002">
    <ele>130.39000000000001</ele>
   </trkpt>
   <trkpt lat="49.269670000000005" lon="-122.90255">
    <ele>129.49</ele>
   </trkpt>
   <trkpt lat="49.269580000000005" lon="-122.90282">
    <ele>128.66000000000003</ele>
   </trkpt>
   <trkpt lat="49.269450000000006" lon="-122.90292000000001">
    <ele>128.82000000000002</ele>
   </trkpt>
   <trkpt lat="49.269310000000004" lon="-122.90290000000002">
    <ele>127.83</ele>
   </trkpt>
   <trkpt lat="49.26917" lon="-122.90292000000001">
    <ele>126.36</ele>
   </trkpt>
   <trkpt lat="49.26903" lon="-122.90286">
    <ele>123.05</ele>
   </trkpt>
   <trkpt lat="49.2689" lon="-122.90282">
    <ele>120.32000000000001</ele>
   </trkpt>
   <trkpt lat="49.268840000000004" lon="-122.90268">
    <ele>116.46000000000001</ele>
   </trkpt>
   <trkpt lat="49.26885000000001" lon="-122.9026">
    <ele>116.46000000000001</ele>
   </trkpt>
   <trkpt lat="49.2689" lon="-122.90254000000002">
    <ele>115.59</ele>
   </trkpt>
   <trkpt lat="49.268910000000005" lon="-122.90247000000001">
    <ele>114.82000000000001</ele>
   </trkpt>
   <trkpt lat="49.26888" lon="-122.90238000000001">
    <ele>113.57000000000001</ele>
   </trkpt>
   <trkpt lat="49.26877" lon="-122.90246">
    <ele>112.0</ele>
   </trkpt>
   <trkpt lat="49.2687" lon="-122.9026">
    <ele>111.52000000000001</ele>
   </trkpt>
   <trkpt lat="49.26859" lon="-122.90265000000001">
    <ele>110.23</ele>
   </trkpt>
   <trkpt lat="49.268480000000004" lon="-122.90276000000001">
    <ele>108.71000000000001</ele>
   </trkpt>
   <trkpt lat="49.26841" lon="-122.90277">
    <ele>107.75000000000001</ele>
   </trkpt>
   <trkpt lat="49.268260000000005" lon="-122.90264">
    <ele>103.59000000000002</ele>
   </trkpt>
   <trkpt lat="49.26820000000001" lon="-122.90264">
    <ele>103.59000000000002</ele>
   </trkpt>
   <trkpt lat="49.26811000000001" lon="-122.90268">
    <ele>101.54</ele>
   </trkpt>
   <trkpt lat="49.268060000000006" lon="-122.90268">
    <ele>98.2</ele>
   </trkpt>
   <trkpt lat="49.26798" lon="-122.90259">
    <ele>97.13000000000001</ele>
   </trkpt>
   <trkpt lat="49.26793000000001" lon="-122.9025">
    <ele>96.10000000000001</ele>
   </trkpt>
   <trkpt lat="49.26785" lon="-122.90286">
    <ele>95.59</ele>
   </trkpt>
   <trkpt lat="49.26753001134316" lon="-122.90400668155497">
    <ele>103.99000000000001</ele>
   </trkpt>
   <trkpt lat="49.267210011339074" lon="-122.90515334823604">
    <ele>112.01</ele>
   </trkpt>
   <trkpt lat="49.266890000000004" lon="-122.90630000000002">
    <ele>120.77000000000001</ele>
   </trkpt>
   <trkpt lat="49.26657" lon="-122.90756">
    <ele>130.56</ele>
   </trkpt>
   <trkpt lat="49.26653" lon="-122.90765">
    <ele>131.3</ele>
   </trkpt>
   <trkpt lat="49.26653" lon="-122.90777000000001">
    <ele>132.93</ele>
   </trkpt>
   <trkpt lat="49.266540000000006" lon="-122.90783">
    <ele>133.22</ele>
   </trkpt>
   <trkpt lat="49.26662" lon="-122.90788">
    <ele>134.88</ele>
   </trkpt>
   <trkpt lat="49.266670000000005" lon="-122.90798000000001">
    <ele>136.41</ele>
   </trkpt>
   <trkpt lat="49.266650000000006" lon="-122.90827000000002">
    <ele>139.3</ele>
   </trkpt>
   <trkpt lat="49.26681000000001" lon="-122.90841">
    <ele>143.4</ele>
   </trkpt>
   <trkpt lat="49.26697" lon="-122.90828">
    <ele>146.13</ele>
   </trkpt>
   <trkpt lat="49.267010000000006" lon="-122.90827000000002">
    <ele>146.13</ele>
   </trkpt>
   <trkpt lat="49.26702" lon="-122.90832">
    <ele>146.13</ele>
   </trkpt>
   <trkpt lat="49.26697" lon="-122.90855">
    <ele>149.79</ele>
   </trkpt>
   <trkpt lat="49.267" lon="-122.9086">
    <ele>149.79</ele>
   </trkpt>
   <trkpt lat="49.266980000000004" lon="-122.90886">
    <ele>152.75000000000003</ele>
   </trkpt>
   <trkpt lat="49.266920000000006" lon="-122.90909">
    <ele>153.86</ele>
   </trkpt>
   <trkpt lat="49.26695" lon="-122.90917">
    <ele>154.66000000000003</ele>
   </trkpt>
   <trkpt lat="49.26702" lon="-122.90913">
    <ele>155.13000000000002</ele>
   </trkpt>
   <trkpt lat="49.267030000000005" lon="-122.90917">
    <ele>155.13000000000002</ele>
   </trkpt>
   <trkpt lat="49.26699000000001" lon="-122.90988000000002">
    <ele>159.31</ele>
   </trkpt>
   <trkpt lat="49.26695" lon="-122.90994">
    <ele>159.85999999999999</ele>
   </trkpt>
   <trkpt lat="49.26690000000001" lon="-122.91052">
    <ele>161.75</ele>
   </trkpt>
   <trkpt lat="49.266870000000004" lon="-122.91057">
    <ele>161.75</ele>
   </trkpt>
   <trkpt lat="49.266890000000004" lon="-122.9107">
    <ele>162.24</ele>
   </trkpt>
   <trkpt lat="49.266890000000004" lon="-122.91088">
    <ele>163.5</ele>
   </trkpt>
   <trkpt lat="49.266920000000006" lon="-122.91093000000001">
    <ele>164.06</ele>
   </trkpt>
   <trkpt lat="49.26697" lon="-122.91096000000002">
    <ele>164.06</ele>
   </trkpt>
   <trkpt lat="49.26711" lon="-122.91088">
    <ele>167.28</ele>
   </trkpt>
   <trkpt lat="49.267230000000005" lon="-122.91074">
    <ele>170.21</ele>
   </trkpt>
   <trkpt lat="49.26728000000001" lon="-122.91074">
    <ele>170.21</ele>
   </trkpt>
   <trkpt lat="49.267340000000004" lon="-122.91137">
    <ele>173.83</ele>
   </trkpt>
   <trkpt lat="49.26747" lon="-122.91201000000001">
    <ele>178.14000000000001</ele>
   </trkpt>
   <trkpt lat="49.26751" lon="-122.91209">
    <ele>178.76</ele>
   </trkpt>
   <trkpt lat="49.26755000000001" lon="-122.91213">
    <ele>179.41</ele>
   </trkpt>
   <trkpt lat="49.267570000000006" lon="-122.91213">
    <ele>179.41</ele>
   </trkpt>
   <trkpt lat="49.26765" lon="-122.91199">
    <ele>182.11</ele>
   </trkpt>
   <trkpt lat="49.26771" lon="-122.91199">
    <ele>182.72000000000003</ele>
   </trkpt>
   <trkpt lat="49.26774" lon="-122.91204">
    <ele>183.27</ele>
   </trkpt>
   <trkpt lat="49.267860000000006" lon="-122.91248000000002">
    <ele>185.9</ele>
   </trkpt>
   <trkpt lat="49.267900000000004" lon="-122.9128">
    <ele>187.34</ele>
   </trkpt>
   <trkpt lat="49.268130000000006" lon="-122.91356">
    <ele>188.75000000000003</ele>
   </trkpt>
   <trkpt lat="49.268130000000006" lon="-122.91374">
    <ele>189.14</ele>
   </trkpt>
   <trkpt lat="49.268080000000005" lon="-122.91388">
    <ele>188.97000000000003</ele>
   </trkpt>
   <trkpt lat="49.26807" lon="-122.91396">
    <ele>188.79000000000002</ele>
   </trkpt>
   <trkpt lat="49.26809" lon="-122.91411000000001">
    <ele>188.73000000000002</ele>
   </trkpt>
   <trkpt lat="49.26814" lon="-122.91431000000001">
    <ele>188.56</ele>
   </trkpt>
   <trkpt lat="49.268100000000004" lon="-122.91445000000002">
    <ele>188.38000000000002</ele>
   </trkpt>
   <trkpt lat="49.268390000000004" lon="-122.91482">
    <ele>193.42000000000002</ele>
   </trkpt>
   <trkpt lat="49.26856" lon="-122.91513">
    <ele>195.39000000000001</ele>
   </trkpt>
   <trkpt lat="49.26868" lon="-122.91530000000002">
    <ele>198.15</ele>
   </trkpt>
   <trkpt lat="49.268710000000006" lon="-122.91512000000002">
    <ele>199.17000000000002</ele>
   </trkpt>
   <trkpt lat="49.268860000000004" lon="-122.91454000000002">
    <ele>202.92000000000002</ele>
   </trkpt>
   <trkpt lat="49.2689" lon="-122.91432">
    <ele>204.68000000000004</ele>
   </trkpt>
   <trkpt lat="49.26899" lon="-122.9145">
    <ele>206.3</ele>
   </trkpt>
   <trkpt lat="49.26914000000001" lon="-122.91491">
    <ele>209.11</ele>
   </trkpt>
   <trkpt lat="49.269220000000004" lon="-122.91508">
    <ele>210.66</ele>
   </trkpt>
   <trkpt lat="49.269360000000006" lon="-122.91527">
    <ele>213.87</ele>
   </trkpt>
   <trkpt lat="49.269490000000005" lon="-122.91562">
    <ele>215.86</ele>
   </trkpt>
   <trkpt lat="49.269670000000005" lon="-122.91603">
    <ele>219.81</ele>
   </trkpt>
   <trkpt lat="49.26984" lon="-122.91664000000002">
    <ele>222.34</ele>
   </trkpt>
   <trkpt lat="49.26988" lon="-122.91687">
    <ele>222.46</ele>
   </trkpt>
   <trkpt lat="49.27019000000001" lon="-122.91738000000001">
    <ele>226.73000000000002</ele>
   </trkpt>
   <trkpt lat="49.270250000000004" lon="-122.91756000000001">
    <ele>228.80000000000004</ele>
   </trkpt>
   <trkpt lat="49.27033" lon="-122.91760000000001">
    <ele>230.67000000000002</ele>
   </trkpt>
   <trkpt lat="49.270360000000004" lon="-122.9175">
    <ele>231.23000000000002</ele>
   </trkpt>
   <trkpt lat="49.2704" lon="-122.91705">
    <ele>234.5</ele>
   </trkpt>
   <trkpt lat="49.2704" lon="-122.91692">
    <ele>234.69</ele>
   </trkpt>
   <trkpt lat="49.27037000000001" lon="-122.91671000000001">
    <ele>235.24000000000004</ele>
   </trkpt>
   <trkpt lat="49.270360000000004" lon="-122.91625">
    <ele>236.78</ele>
   </trkpt>
   <trkpt lat="49.270410000000005" lon="-122.91585">
    <ele>240.04000000000002</ele>
   </trkpt>
   <trkpt lat="49.27046000000001" lon="-122.91577000000001">
    <ele>240.85</ele>
   </trkpt>
   <trkpt lat="49.27055000000001" lon="-122.91576">
    <ele>244.94000000000003</ele>
   </trkpt>
   <trkpt lat="49.270700000000005" lon="-122.91585">
    <ele>246.78000000000003</ele>
   </trkpt>
   <trkpt lat="49.27075000000001" lon="-122.9158">
    <ele>248.45000000000002</ele>
   </trkpt>
   <trkpt lat="49.270790000000005" lon="-122.91572000000001">
    <ele>250.01</ele>
   </trkpt>
   <trkpt lat="49.270880000000005" lon="-122.91531">
    <ele>254.08</ele>
   </trkpt>
   <trkpt lat="49.27096" lon="-122.9154">
    <ele>255.57000000000002</ele>
   </trkpt>
   <trkpt lat="49.271040000000006" lon="-122.91513">
    <ele>258.02000000000004</ele>
   </trkpt>
   <trkpt lat="49.27107" lon="-122.91472000000002">
    <ele>260.37000000000006</ele>
   </trkpt>
   <trkpt lat="49.27114" lon="-122.91423">
    <ele>261.8</ele>
   </trkpt>
   <trkpt lat="49.271260000000005" lon="-122.91361">
    <ele>265.20000000000005</ele>
   </trkpt>
   <trkpt lat="49.27127" lon="-122.91343">
    <ele>265.45</ele>
   </trkpt>
   <trkpt lat="49.27122000000001" lon="-122.91295000000001">
    <ele>265.06</ele>
   </trkpt>
   <trkpt lat="49.271240000000006" lon="-122.9128">
    <ele>265.35</ele>
   </trkpt>
   <trkpt lat="49.271280000000004" lon="-122.91267">
    <ele>265.67</ele>
   </trkpt>
   <trkpt lat="49.27129000000001" lon="-122.912">
    <ele>267.64000000000004</ele>
   </trkpt>
   <trkpt lat="49.27125" lon="-122.91177">
    <ele>268.02000000000004</ele>
   </trkpt>
   <trkpt lat="49.271280000000004" lon="-122.91145000000002">
    <ele>268.63000000000005</ele>
   </trkpt>
   <trkpt lat="49.27123" lon="-122.91124">
    <ele>268.20000000000005</ele>
   </trkpt>
   <trkpt lat="49.271240000000006" lon="-122.91114">
    <ele>268.29</ele>
   </trkpt>
   <trkpt lat="49.271300000000004" lon="-122.91098000000001">
    <ele>268.68</ele>
   </trkpt>
   <trkpt lat="49.27132" lon="-122.91074">
    <ele>267.53000000000003</ele>
   </trkpt>
   <trkpt lat="49.27122000000001" lon="-122.91052">
    <ele>265.3</ele>
   </trkpt>
   <trkpt lat="49.271240000000006" lon="-122.91033000000002">
    <ele>264.64000000000004</ele>
   </trkpt>
   <trkpt lat="49.271330000000006" lon="-122.91016">
    <ele>264.78000000000003</ele>
   </trkpt>
   <trkpt lat="49.27141" lon="-122.91007">
    <ele>265.62</ele>
   </trkpt>
   <trkpt lat="49.271510000000006" lon="-122.91002000000002">
    <ele>266.31000000000006</ele>
   </trkpt>
   <trkpt lat="49.271550000000005" lon="-122.90994">
    <ele>266.23</ele>
   </trkpt>
   <trkpt lat="49.27161" lon="-122.90976">
    <ele>265.53000000000003</ele>
   </trkpt>
   <trkpt lat="49.27159" lon="-122.90953">
    <ele>264.51</ele>
   </trkpt>
   <trkpt lat="49.27156" lon="-122.90944">
    <ele>262.8</ele>
   </trkpt>
   <trkpt lat="49.2715" lon="-122.90935">
    <ele>262.01</ele>
   </trkpt>
   <trkpt lat="49.27149000000001" lon="-122.90926">
    <ele>261.15000000000003</ele>
   </trkpt>
   <trkpt lat="49.2715" lon="-122.90922">
    <ele>261.34000000000003</ele>
   </trkpt>
   <trkpt lat="49.271620000000006" lon="-122.90917">
    <ele>262.96000000000004</ele>
   </trkpt>
   <trkpt lat="49.2717" lon="-122.909">
    <ele>267.55</ele>
   </trkpt>
   <trkpt lat="49.27172" lon="-122.90886">
    <ele>267.65</ele>
   </trkpt>
   <trkpt lat="49.271710000000006" lon="-122.90864">
    <ele>267.42</ele>
   </trkpt>
   <trkpt lat="49.271860000000004" lon="-122.90802000000001">
    <ele>267.55</ele>
   </trkpt>
   <trkpt lat="49.27192" lon="-122.90761">
    <ele>266.97</ele>
   </trkpt>
   <trkpt lat="49.271930000000005" lon="-122.90711">
    <ele>263.33</ele>
   </trkpt>
   <trkpt lat="49.271980000000006" lon="-122.90668000000001">
    <ele>260.89</ele>
   </trkpt>
   <trkpt lat="49.271950000000004" lon="-122.9064">
    <ele>257.89</ele>
   </trkpt>
   <trkpt lat="49.27196000000001" lon="-122.90595">
    <ele>252.44</ele>
   </trkpt>
   <trkpt lat="49.27199" lon="-122.90586">
    <ele>251.97000000000003</ele>
   </trkpt>
   <trkpt lat="49.27217" lon="-122.90555">
    <ele>250.65000000000003</ele>
   </trkpt>
   <trkpt lat="49.27232" lon="-122.90515">
    <ele>249.91000000000003</ele>
   </trkpt>
   <trkpt lat="49.272450000000006" lon="-122.90488">
    <ele>249.74</ele>
   </trkpt>
   <trkpt lat="49.272510000000004" lon="-122.90483">
    <ele>249.99</ele>
   </trkpt>
   <trkpt lat="49.27266" lon="-122.90474">
    <ele>252.02</ele>
   </trkpt>
   <trkpt lat="49.273" lon="-122.90434">
    <ele>256.97</ele>
   </trkpt>
   <trkpt lat="49.27326" lon="-122.90408000000001">
    <ele>261.62</ele>
   </trkpt>
   <trkpt lat="49.27351" lon="-122.90393000000002">
    <ele>267.91</ele>
   </trkpt>
   <trkpt lat="49.27373000000001" lon="-122.90368000000001">
    <ele>269.45000000000005</ele>
   </trkpt>
   <trkpt lat="49.27405000154336" lon="-122.90309000375126">
    <ele>267.76</ele>
   </trkpt>
   <trkpt lat="49.274370000000005" lon="-122.9025">
    <ele>265.58000000000004</ele>
   </trkpt>
   <trkpt lat="49.27456" lon="-122.90219">
    <ele>266.62</ele>
   </trkpt>
   <trkpt lat="49.274640000000005" lon="-122.90214000000002">
    <ele>268.76</ele>
   </trkpt>
   <trkpt lat="49.2747" lon="-122.90211000000001">
    <ele>270.06</ele>
   </trkpt>
   <trkpt lat="49.27485" lon="-122.90215">
    <ele>275.42</ele>
   </trkpt>
   <trkpt lat="49.27496000000001" lon="-122.90214000000002">
    <ele>277.52000000000004</ele>
   </trkpt>
   <trkpt lat="49.27521" lon="-122.90198000000001">
    <ele>282.5</ele>
   </trkpt>
   <trkpt lat="49.27553" lon="-122.90192">
    <ele>288.92</ele>
   </trkpt>
   <trkpt lat="49.27572000000001" lon="-122.90178000000002">
    <ele>289.8</ele>
   </trkpt>
   <trkpt lat="49.27573" lon="-122.90178000000002">
    <ele>289.81</ele>
   </trkpt>
   <trkpt lat="49.27563000000001" lon="-122.90186000000001">
    <ele>289.40000000000003</ele>
   </trkpt>
   <trkpt lat="49.27561000000001" lon="-122.90179">
    <ele>288.28000000000003</ele>
   </trkpt>
   <trkpt lat="49.27563000000001" lon="-122.90162000000001">
    <ele>287.36</ele>
   </trkpt>
   <trkpt lat="49.27579" lon="-122.90138">
    <ele>285.6</ele>
   </trkpt>
   <trkpt lat="49.275850000000005" lon="-122.90125">
    <ele>284.61</ele>
   </trkpt>
   <trkpt lat="49.27588" lon="-122.90098">
    <ele>282.93</ele>
   </trkpt>
   <trkpt lat="49.27601000000001" lon="-122.90085">
    <ele>280.22</ele>
   </trkpt>
   <trkpt lat="49.27602" lon="-122.9008">
    <ele>280.22</ele>
   </trkpt>
   <trkpt lat="49.276" lon="-122.90076">
    <ele>279.42</ele>
   </trkpt>
   <trkpt lat="49.27591" lon="-122.90071">
    <ele>276.7</ele>
   </trkpt>
   <trkpt lat="49.275710000000004" lon="-122.90066000000002">
    <ele>273.40000000000003</ele>
   </trkpt>
   <trkpt lat="49.27552000000001" lon="-122.90071">
    <ele>270.40000000000003</ele>
   </trkpt>
   <trkpt lat="49.275510000000004" lon="-122.90062">
    <ele>268.52000000000004</ele>
   </trkpt>
   <trkpt lat="49.27555" lon="-122.9004">
    <ele>267.48</ele>
   </trkpt>
   <trkpt lat="49.27552000000001" lon="-122.90036">
    <ele>263.0</ele>
   </trkpt>
   <trkpt lat="49.275380000000006" lon="-122.90035">
    <ele>260.85</ele>
   </trkpt>
   <trkpt lat="49.27535" lon="-122.90031">
    <ele>259.89</ele>
   </trkpt>
   <trkpt lat="49.275420000000004" lon="-122.90017000000002">
    <ele>257.67</ele>
   </trkpt>
   <trkpt lat="49.27559" lon="-122.90004">
    <ele>256.15999999999997</ele>
   </trkpt>
   <trkpt lat="49.275740000000006" lon="-122.89986">
    <ele>255.07000000000002</ele>
   </trkpt>
   <trkpt lat="49.275740000000006" lon="-122.89981000000002">
    <ele>254.48999999999998</ele>
   </trkpt>
   <trkpt lat="49.275710000000004" lon="-122.89977">
    <ele>253.79000000000002</ele>
   </trkpt>
   <trkpt lat="49.27568" lon="-122.89977">
    <ele>253.79000000000002</ele>
   </trkpt>
   <trkpt lat="49.275600000000004" lon="-122.89982">
    <ele>252.23000000000002</ele>
   </trkpt>
   <trkpt lat="49.27541" lon="-122.89982">
    <ele>248.94000000000003</ele>
   </trkpt>
   <trkpt lat="49.2753" lon="-122.89986">
    <ele>247.46</ele>
   </trkpt>
   <trkpt lat="49.27526" lon="-122.89983000000001">
    <ele>246.61</ele>
   </trkpt>
   <trkpt lat="49.27528" lon="-122.89973">
    <ele>244.82</ele>
   </trkpt>
   <trkpt lat="49.275420000000004" lon="-122.89959">
    <ele>242.11</ele>
   </trkpt>
   <trkpt lat="49.27557" lon="-122.89938000000001">
    <ele>240.15000000000003</ele>
   </trkpt>
   <trkpt lat="49.27563000000001" lon="-122.89933">
    <ele>239.05</ele>
   </trkpt>
   <trkpt lat="49.275650000000006" lon="-122.89928">
    <ele>239.05</ele>
   </trkpt>
   <trkpt lat="49.27564" lon="-122.89925000000001">
    <ele>238.38</ele>
   </trkpt>
   <trkpt lat="49.275110000000005" lon="-122.89919">
    <ele>226.88000000000002</ele>
   </trkpt>
   <trkpt lat="49.275020000000005" lon="-122.89914000000002">
    <ele>226.88000000000002</ele>
   </trkpt>
   <trkpt lat="49.27494" lon="-122.89911000000001">
    <ele>223.13000000000002</ele>
   </trkpt>
   <trkpt lat="49.27483" lon="-122.89906">
    <ele>221.20000000000002</ele>
   </trkpt>
   <trkpt lat="49.27469000000001" lon="-122.89916000000001">
    <ele>219.11</ele>
   </trkpt>
   <trkpt lat="49.27460000000001" lon="-122.89933">
    <ele>217.3</ele>
   </trkpt>
   <trkpt lat="49.27443" lon="-122.89937">
    <ele>214.14000000000001</ele>
   </trkpt>
   <trkpt lat="49.274350000000005" lon="-122.8995">
    <ele>211.93</ele>
   </trkpt>
   <trkpt lat="49.27425" lon="-122.89946">
    <ele>209.31000000000003</ele>
   </trkpt>
   <trkpt lat="49.27418" lon="-122.89954000000002">
    <ele>209.31000000000003</ele>
   </trkpt>
   <trkpt lat="49.27416" lon="-122.8995">
    <ele>209.31000000000003</ele>
   </trkpt>
   <trkpt lat="49.27414" lon="-122.89928">
    <ele>203.51000000000002</ele>
   </trkpt>
   <trkpt lat="49.27412" lon="-122.89925000000001">
    <ele>203.51000000000002</ele>
   </trkpt>
   <trkpt lat="49.27402000000001" lon="-122.89929000000001">
    <ele>199.24000000000004</ele>
   </trkpt>
   <trkpt lat="49.27396" lon="-122.89924">
    <ele>199.24000000000004</ele>
   </trkpt>
   <trkpt lat="49.27391" lon="-122.89924">
    <ele>198.21</ele>
   </trkpt>
   <trkpt lat="49.273880000000005" lon="-122.89929000000001">
    <ele>197.23000000000002</ele>
   </trkpt>
   <trkpt lat="49.27387" lon="-122.89942">
    <ele>197.23000000000002</ele>
   </trkpt>
   <trkpt lat="49.27385" lon="-122.89946">
    <ele>193.53</ele>
   </trkpt>
   <trkpt lat="49.273810000000005" lon="-122.89946">
    <ele>193.53</ele>
   </trkpt>
   <trkpt lat="49.27365" lon="-122.89941">
    <ele>190.68</ele>
   </trkpt>
   <trkpt lat="49.273590000000006" lon="-122.89941">
    <ele>189.89</ele>
   </trkpt>
   <trkpt lat="49.27355000000001" lon="-122.89946">
    <ele>188.79000000000002</ele>
   </trkpt>
   <trkpt lat="49.273520000000005" lon="-122.89951">
    <ele>188.43</ele>
   </trkpt>
   <trkpt lat="49.273520000000005" lon="-122.89973">
    <ele>187.60000000000002</ele>
   </trkpt>
   <trkpt lat="49.27337000000001" lon="-122.89973">
    <ele>186.17</ele>
   </trkpt>
   <trkpt lat="49.2732" lon="-122.89986">
    <ele>183.15</ele>
   </trkpt>
   <trkpt lat="49.27295" lon="-122.9">
    <ele>176.45000000000002</ele>
   </trkpt>
   <trkpt lat="49.272670000000005" lon="-122.90035">
    <ele>170.42000000000002</ele>
   </trkpt>
   <trkpt lat="49.27257" lon="-122.9004">
    <ele>170.42000000000002</ele>
   </trkpt>
   <trkpt lat="49.272360000000006" lon="-122.90049">
    <ele>166.48000000000002</ele>
   </trkpt>
   <trkpt lat="49.272310000000004" lon="-122.90059000000001">
    <ele>166.48000000000002</ele>
   </trkpt>
   <trkpt lat="49.272240000000004" lon="-122.90068000000001">
    <ele>166.28</ele>
   </trkpt>
   <trkpt lat="49.272200000000005" lon="-122.90068000000001">
    <ele>165.49</ele>
   </trkpt>
   <trkpt lat="49.27217" lon="-122.90067">
    <ele>164.62</ele>
   </trkpt>
   <trkpt lat="49.2721" lon="-122.90049">
    <ele>161.64000000000001</ele>
   </trkpt>
   <trkpt lat="49.27206" lon="-122.90044">
    <ele>160.71</ele>
   </trkpt>
   <trkpt lat="49.27203" lon="-122.90044">
    <ele>159.89000000000001</ele>
   </trkpt>
   <trkpt lat="49.271950000000004" lon="-122.90049">
    <ele>159.21</ele>
   </trkpt>
   <trkpt lat="49.27188" lon="-122.90062">
    <ele>157.58</ele>
   </trkpt>
   <trkpt lat="49.271840000000005" lon="-122.90059000000001">
    <ele>157.02</ele>
   </trkpt>
   <trkpt lat="49.27185" lon="-122.90044">
    <ele>155.73000000000002</ele>
   </trkpt>
   <trkpt lat="49.27181" lon="-122.90027">
    <ele>153.47000000000003</ele>
   </trkpt>
   <trkpt lat="49.271840000000005" lon="-122.90009">
    <ele>151.76</ele>
   </trkpt>
   <trkpt lat="49.27183" lon="-122.9">
    <ele>149.82</ele>
   </trkpt>
   <trkpt lat="49.271750000000004" lon="-122.89982">
    <ele>146.52</ele>
   </trkpt>
   <trkpt lat="49.271710000000006" lon="-122.89978">
    <ele>145.48</ele>
   </trkpt>
   <trkpt lat="49.271550000000005" lon="-122.89986">
    <ele>142.09000000000003</ele>
   </trkpt>
   <trkpt lat="49.271530000000006" lon="-122.89986">
    <ele>142.09000000000003</ele>
   </trkpt>
   <trkpt lat="49.271460000000005" lon="-122.89964">
    <ele>139.52</ele>
   </trkpt>
   <trkpt lat="49.27145" lon="-122.89941">
    <ele>137.94</ele>
   </trkpt>
   <trkpt lat="49.27136" lon="-122.89923000000002">
    <ele>136.07000000000002</ele>
   </trkpt>
   <trkpt lat="49.27132" lon="-122.89919">
    <ele>133.87</ele>
   </trkpt>
   <trkpt lat="49.27121" lon="-122.89919">
    <ele>133.87</ele>
   </trkpt>
   <trkpt lat="49.27116" lon="-122.89924">
    <ele>131.73000000000002</ele>
   </trkpt>
   <trkpt lat="49.27109" lon="-122.89928">
    <ele>130.25</ele>
   </trkpt>
   <trkpt lat="49.27091" lon="-122.89911000000001">
    <ele>130.25</ele>
   </trkpt>
   <trkpt lat="49.270790000000005" lon="-122.89911000000001">
    <ele>121.74000000000001</ele>
   </trkpt>
   <trkpt lat="49.270700000000005" lon="-122.89906">
    <ele>121.74000000000001</ele>
   </trkpt>
   <trkpt lat="49.27065" lon="-122.89906">
    <ele>121.74000000000001</ele>
   </trkpt>
   <trkpt lat="49.270540000000004" lon="-122.8991">
    <ele>121.01</ele>
   </trkpt>
   <trkpt lat="49.27042" lon="-122.89925000000001">
    <ele>119.18</ele>
   </trkpt>
   <trkpt lat="49.27026000000001" lon="-122.89938000000001">
    <ele>117.18</ele>
   </trkpt>
   <trkpt lat="49.27018" lon="-122.8995">
    <ele>114.92</ele>
   </trkpt>
   <trkpt lat="49.27002" lon="-122.89951">
    <ele>112.96000000000001</ele>
   </trkpt>
   <trkpt lat="49.26984" lon="-122.89963000000002">
    <ele>110.79</ele>
   </trkpt>
   <trkpt lat="49.26973" lon="-122.89959">
    <ele>108.72000000000001</ele>
   </trkpt>
   <trkpt lat="49.26962" lon="-122.89941">
    <ele>106.18</ele>
   </trkpt>
   <trkpt lat="49.269510000000004" lon="-122.89941">
    <ele>103.87</ele>
   </trkpt>
   <trkpt lat="49.269420000000004" lon="-122.89925000000001">
    <ele>101.71000000000001</ele>
   </trkpt>
   <trkpt lat="49.269220000000004" lon="-122.89919">
    <ele>97.74000000000001</ele>
   </trkpt>
   <trkpt lat="49.268950000000004" lon="-122.89897">
    <ele>91.04</ele>
   </trkpt>
   <trkpt lat="49.26894" lon="-122.89897">
    <ele>90.93</ele>
   </trkpt>
   <trkpt lat="49.268910000000005" lon="-122.89897">
    <ele>90.93</ele>
   </trkpt>
   <trkpt lat="49.26871000245786" lon="-122.89972500306736">
    <ele>90.09</ele>
   </trkpt>
   <trkpt lat="49.268510000000006" lon="-122.90048000000002">
    <ele>89.32000000000001</ele>
   </trkpt>
   <trkpt lat="49.268230003713505" lon="-122.90140000501975">
    <ele>92.50000000000001</ele>
   </trkpt>
   <trkpt lat="49.267950000000006" lon="-122.90232">
    <ele>93.68</ele>
   </trkpt>
   <trkpt lat="49.26793000000001" lon="-122.9025">
    <ele>94.15</ele>
   </trkpt>
   <trkpt lat="49.267950000000006" lon="-122.90232">
    <ele>93.68</ele>
   </trkpt>
   <trkpt lat="49.2682300035909" lon="-122.90140000542262">
    <ele>92.50000000000001</ele>
   </trkpt>
   <trkpt lat="49.268510000000006" lon="-122.90048000000002">
    <ele>89.55</ele>
   </trkpt>
   <trkpt lat="49.26871000246144" lon="-122.89972500305383">
    <ele>90.09</ele>
   </trkpt>
   <trkpt lat="49.268910000000005" lon="-122.89897">
    <ele>90.94000000000001</ele>
   </trkpt>
   <trkpt lat="49.268950000000004" lon="-122.89897">
    <ele>90.94000000000001</ele>
   </trkpt>
   <trkpt lat="49.26899" lon="-122.89892">
    <ele>90.64000000000001</ele>
   </trkpt>
   <trkpt lat="49.2692950038524" lon="-122.89798000568886">
    <ele>92.36000000000001</ele>
   </trkpt>
   <trkpt lat="49.269600000000004" lon="-122.89704">
    <ele>100.80000000000001</ele>
   </trkpt>
   <trkpt lat="49.269600000000004" lon="-122.89687">
    <ele>103.70000000000002</ele>
   </trkpt>
   <trkpt lat="49.269780000000004" lon="-122.89619">
    <ele>109.42</ele>
   </trkpt>
   <trkpt lat="49.269830000000006" lon="-122.89582000000001">
    <ele>112.76</ele>
   </trkpt>
   <trkpt lat="49.27" lon="-122.89542000000002">
    <ele>117.53</ele>
   </trkpt>
   <trkpt lat="49.270230000000005" lon="-122.89565">
    <ele>118.76</ele>
   </trkpt>
   <trkpt lat="49.270300000000006" lon="-122.89566">
    <ele>119.07000000000001</ele>
   </trkpt>
   <trkpt lat="49.270390000000006" lon="-122.89569000000002">
    <ele>119.75</ele>
   </trkpt>
   <trkpt lat="49.27082" lon="-122.89569000000002">
    <ele>124.46000000000001</ele>
   </trkpt>
   <trkpt lat="49.27143" lon="-122.89574">
    <ele>130.78</ele>
   </trkpt>
   <trkpt lat="49.27161" lon="-122.8957">
    <ele>133.38</ele>
   </trkpt>
   <trkpt lat="49.27199" lon="-122.89556">
    <ele>137.42000000000002</ele>
   </trkpt>
   <trkpt lat="49.272330000000004" lon="-122.89551000000002">
    <ele>141.52</ele>
   </trkpt>
   <trkpt lat="49.272510000000004" lon="-122.89542000000002">
    <ele>143.22</ele>
   </trkpt>
   <trkpt lat="49.27259" lon="-122.89552">
    <ele>143.94</ele>
   </trkpt>
   <trkpt lat="49.27277" lon="-122.89555000000001">
    <ele>145.54</ele>
   </trkpt>
   <trkpt lat="49.27302" lon="-122.89551000000002">
    <ele>146.64000000000001</ele>
   </trkpt>
   <trkpt lat="49.27309" lon="-122.89551000000002">
    <ele>146.64000000000001</ele>
   </trkpt>
   <trkpt lat="49.27302" lon="-122.89551000000002">
    <ele>146.20000000000002</ele>
   </trkpt>
   <trkpt lat="49.273230000000005" lon="-122.89552">
    <ele>147.27</ele>
   </trkpt>
   <trkpt lat="49.27322" lon="-122.89560000000002">
    <ele>147.27</ele>
   </trkpt>
   <trkpt lat="49.27313" lon="-122.89575">
    <ele>147.25000000000003</ele>
   </trkpt>
   <trkpt lat="49.27309" lon="-122.89588">
    <ele>147.37</ele>
   </trkpt>
   <trkpt lat="49.27308000000001" lon="-122.89601">
    <ele>147.55</ele>
   </trkpt>
   <trkpt lat="49.27310000000001" lon="-122.89642">
    <ele>147.71</ele>
   </trkpt>
   <trkpt lat="49.273140000000005" lon="-122.89673">
    <ele>149.39000000000001</ele>
   </trkpt>
   <trkpt lat="49.27311" lon="-122.89713">
    <ele>150.59</ele>
   </trkpt>
   <trkpt lat="49.27282" lon="-122.89817000000001">
    <ele>154.49</ele>
   </trkpt>
   <trkpt lat="49.272710000000004" lon="-122.89907000000001">
    <ele>159.13000000000002</ele>
   </trkpt>
   <trkpt lat="49.272530002218275" lon="-122.89978500255974">
    <ele>162.43</ele>
   </trkpt>
   <trkpt lat="49.27235" lon="-122.90050000000001">
    <ele>166.48000000000002</ele>
   </trkpt>
   <trkpt lat="49.272530002193484" lon="-122.8997850026582">
    <ele>162.43</ele>
   </trkpt>
   <trkpt lat="49.272710000000004" lon="-122.89907000000001">
    <ele>159.13000000000002</ele>
   </trkpt>
   <trkpt lat="49.27282" lon="-122.89817000000001">
    <ele>154.49</ele>
   </trkpt>
   <trkpt lat="49.27311" lon="-122.89713">
    <ele>150.59</ele>
   </trkpt>
   <trkpt lat="49.273140000000005" lon="-122.89673">
    <ele>148.33</ele>
   </trkpt>
   <trkpt lat="49.27310000000001" lon="-122.89642">
    <ele>147.71</ele>
   </trkpt>
   <trkpt lat="49.27308000000001" lon="-122.89592">
    <ele>147.55</ele>
   </trkpt>
   <trkpt lat="49.27304" lon="-122.89579">
    <ele>146.82</ele>
   </trkpt>
   <trkpt lat="49.27297" lon="-122.89565">
    <ele>146.03000000000003</ele>
   </trkpt>
   <trkpt lat="49.27281000000001" lon="-122.89560000000002">
    <ele>144.84000000000003</ele>
   </trkpt>
   <trkpt lat="49.27277" lon="-122.89555000000001">
    <ele>144.84000000000003</ele>
   </trkpt>
   <trkpt lat="49.27302" lon="-122.89551000000002">
    <ele>146.67000000000002</ele>
   </trkpt>
   <trkpt lat="49.273230000000005" lon="-122.89552">
    <ele>147.27</ele>
   </trkpt>
   <trkpt lat="49.27353" lon="-122.89556">
    <ele>148.92000000000002</ele>
   </trkpt>
   <trkpt lat="49.27365" lon="-122.89561">
    <ele>149.85</ele>
   </trkpt>
   <trkpt lat="49.27402000000001" lon="-122.89583">
    <ele>154.37</ele>
   </trkpt>
   <trkpt lat="49.274210000000004" lon="-122.89587000000002">
    <ele>156.39</ele>
   </trkpt>
   <trkpt lat="49.27474" lon="-122.89580000000001">
    <ele>160.07999999999998</ele>
   </trkpt>
   <trkpt lat="49.27506" lon="-122.89580000000001">
    <ele>162.97</ele>
   </trkpt>
   <trkpt lat="49.275920000000006" lon="-122.89587000000002">
    <ele>168.92000000000002</ele>
   </trkpt>
   <trkpt lat="49.27609" lon="-122.8953">
    <ele>162.04999999999998</ele>
   </trkpt>
   <trkpt lat="49.27610000000001" lon="-122.89512">
    <ele>159.96</ele>
   </trkpt>
   <trkpt lat="49.27606" lon="-122.89452000000001">
    <ele>156.19000000000003</ele>
   </trkpt>
   <trkpt lat="49.27610000000001" lon="-122.89512">
    <ele>159.96</ele>
   </trkpt>
   <trkpt lat="49.27609" lon="-122.8953">
    <ele>162.04999999999998</ele>
   </trkpt>
   <trkpt lat="49.275920000000006" lon="-122.89587000000002">
    <ele>168.92000000000002</ele>
   </trkpt>
   <trkpt lat="49.276140000000005" lon="-122.89587000000002">
    <ele>170.32000000000002</ele>
   </trkpt>
   <trkpt lat="49.2764" lon="-122.89579">
    <ele>172.58</ele>
   </trkpt>
   <trkpt lat="49.27697500015109" lon="-122.89587999896897">
    <ele>178.93</ele>
   </trkpt>
   <trkpt lat="49.277550000000005" lon="-122.89597">
    <ele>186.56</ele>
   </trkpt>
   <trkpt lat="49.277660000000004" lon="-122.89591000000001">
    <ele>186.56</ele>
   </trkpt>
   <trkpt lat="49.27788" lon="-122.89588">
    <ele>188.64</ele>
   </trkpt>
   <trkpt lat="49.278470000000006" lon="-122.89597">
    <ele>190.22000000000003</ele>
   </trkpt>
   <trkpt lat="49.278890000000004" lon="-122.89614000000002">
    <ele>190.85999999999999</ele>
   </trkpt>
   <trkpt lat="49.279140000000005" lon="-122.89619">
    <ele>190.68</ele>
   </trkpt>
   <trkpt lat="49.27933" lon="-122.89629000000001">
    <ele>190.85999999999999</ele>
   </trkpt>
   <trkpt lat="49.279880000000006" lon="-122.89646">
    <ele>189.41000000000003</ele>
   </trkpt>
   <trkpt lat="49.279970000000006" lon="-122.89651">
    <ele>189.43</ele>
   </trkpt>
   <trkpt lat="49.28009" lon="-122.89664">
    <ele>189.65</ele>
   </trkpt>
   <trkpt lat="49.280260000000006" lon="-122.89682">
    <ele>189.45000000000002</ele>
   </trkpt>
   <trkpt lat="49.280680000000004" lon="-122.89709">
    <ele>183.19000000000003</ele>
   </trkpt>
   <trkpt lat="49.28069000000001" lon="-122.89686">
    <ele>181.03000000000003</ele>
   </trkpt>
   <trkpt lat="49.280820000000006" lon="-122.89641">
    <ele>172.36</ele>
   </trkpt>
   <trkpt lat="49.28079" lon="-122.89607000000001">
    <ele>169.69</ele>
   </trkpt>
   <trkpt lat="49.280820000000006" lon="-122.89641">
    <ele>172.36</ele>
   </trkpt>
   <trkpt lat="49.28069000000001" lon="-122.89686">
    <ele>181.03000000000003</ele>
   </trkpt>
   <trkpt lat="49.280680000000004" lon="-122.89709">
    <ele>183.19000000000003</ele>
   </trkpt>
   <trkpt lat="49.281040000000004" lon="-122.89741000000001">
    <ele>175.23000000000002</ele>
   </trkpt>
   <trkpt lat="49.28119" lon="-122.89749">
    <ele>173.70000000000002</ele>
   </trkpt>
   <trkpt lat="49.28128" lon="-122.89757000000002">
    <ele>172.43000000000004</ele>
   </trkpt>
   <trkpt lat="49.281530000000004" lon="-122.89794">
    <ele>168.28</ele>
   </trkpt>
   <trkpt lat="49.28173" lon="-122.89813000000001">
    <ele>165.21</ele>
   </trkpt>
   <trkpt lat="49.282270000000004" lon="-122.89853000000001">
    <ele>155.85000000000002</ele>
   </trkpt>
   <trkpt lat="49.28229" lon="-122.89831000000001">
    <ele>153.03</ele>
   </trkpt>
   <trkpt lat="49.28231" lon="-122.89826000000001">
    <ele>153.03</ele>
   </trkpt>
   <trkpt lat="49.28235" lon="-122.89825">
    <ele>153.03</ele>
   </trkpt>
   <trkpt lat="49.28246000000001" lon="-122.89834">
    <ele>147.84</ele>
   </trkpt>
   <trkpt lat="49.28255" lon="-122.89834">
    <ele>145.83</ele>
   </trkpt>
   <trkpt lat="49.28266000000001" lon="-122.89842000000002">
    <ele>142.03</ele>
   </trkpt>
   <trkpt lat="49.283030000000004" lon="-122.89851000000002">
    <ele>135.0</ele>
   </trkpt>
   <trkpt lat="49.28314" lon="-122.8987">
    <ele>132.73000000000002</ele>
   </trkpt>
   <trkpt lat="49.283210000000004" lon="-122.8987">
    <ele>130.93</ele>
   </trkpt>
   <trkpt lat="49.283280000000005" lon="-122.89866">
    <ele>129.94</ele>
   </trkpt>
   <trkpt lat="49.283370000000005" lon="-122.89852">
    <ele>126.78</ele>
   </trkpt>
   <trkpt lat="49.283280000000005" lon="-122.89866">
    <ele>129.94</ele>
   </trkpt>
   <trkpt lat="49.283210000000004" lon="-122.8987">
    <ele>131.87</ele>
   </trkpt>
   <trkpt lat="49.28314" lon="-122.8987">
    <ele>132.73000000000002</ele>
   </trkpt>
   <trkpt lat="49.283030000000004" lon="-122.89851000000002">
    <ele>135.0</ele>
   </trkpt>
   <trkpt lat="49.28266000000001" lon="-122.89842000000002">
    <ele>142.03</ele>
   </trkpt>
   <trkpt lat="49.28255" lon="-122.89834">
    <ele>145.83</ele>
   </trkpt>
   <trkpt lat="49.28246000000001" lon="-122.89834">
    <ele>147.84</ele>
   </trkpt>
   <trkpt lat="49.28235" lon="-122.89825">
    <ele>153.03</ele>
   </trkpt>
   <trkpt lat="49.28231" lon="-122.89826000000001">
    <ele>153.03</ele>
   </trkpt>
   <trkpt lat="49.28229" lon="-122.89831000000001">
    <ele>153.03</ele>
   </trkpt>
   <trkpt lat="49.282270000000004" lon="-122.89853000000001">
    <ele>155.85000000000002</ele>
   </trkpt>
   <trkpt lat="49.28173" lon="-122.89813000000001">
    <ele>165.21</ele>
   </trkpt>
   <trkpt lat="49.281530000000004" lon="-122.89794">
    <ele>169.25</ele>
   </trkpt>
   <trkpt lat="49.28128" lon="-122.89757000000002">
    <ele>172.43000000000004</ele>
   </trkpt>
   <trkpt lat="49.28119" lon="-122.89749">
    <ele>173.70000000000002</ele>
   </trkpt>
   <trkpt lat="49.281040000000004" lon="-122.89741000000001">
    <ele>177.72000000000003</ele>
   </trkpt>
   <trkpt lat="49.280680000000004" lon="-122.89709">
    <ele>183.19000000000003</ele>
   </trkpt>
   <trkpt lat="49.280260000000006" lon="-122.89682">
    <ele>189.45000000000002</ele>
   </trkpt>
   <trkpt lat="49.28009" lon="-122.89664">
    <ele>189.65</ele>
   </trkpt>
   <trkpt lat="49.280100000000004" lon="-122.89677">
    <ele>190.39</ele>
   </trkpt>
   <trkpt lat="49.28014" lon="-122.89687">
    <ele>191.60999999999999</ele>
   </trkpt>
   <trkpt lat="49.280260000000006" lon="-122.897">
    <ele>192.29000000000002</ele>
   </trkpt>
   <trkpt lat="49.28032" lon="-122.89713">
    <ele>193.11</ele>
   </trkpt>
   <trkpt lat="49.28038" lon="-122.89744">
    <ele>194.58</ele>
   </trkpt>
   <trkpt lat="49.28047" lon="-122.89776">
    <ele>195.56</ele>
   </trkpt>
   <trkpt lat="49.280570000000004" lon="-122.8987">
    <ele>206.82</ele>
   </trkpt>
   <trkpt lat="49.28063" lon="-122.8991">
    <ele>211.14000000000001</ele>
   </trkpt>
   <trkpt lat="49.280680000000004" lon="-122.89932">
    <ele>213.39000000000001</ele>
   </trkpt>
   <trkpt lat="49.28072" lon="-122.89941">
    <ele>214.75000000000003</ele>
   </trkpt>
   <trkpt lat="49.280590000000004" lon="-122.89929000000001">
    <ele>218.58</ele>
   </trkpt>
   <trkpt lat="49.280570000000004" lon="-122.89936000000002">
    <ele>221.48000000000002</ele>
   </trkpt>
   <trkpt lat="49.28063" lon="-122.8995">
    <ele>225.93</ele>
   </trkpt>
   <trkpt lat="49.280590000000004" lon="-122.89955">
    <ele>225.93</ele>
   </trkpt>
   <trkpt lat="49.28011" lon="-122.89928">
    <ele>245.59000000000003</ele>
   </trkpt>
   <trkpt lat="49.28004000000001" lon="-122.89937">
    <ele>245.59000000000003</ele>
   </trkpt>
   <trkpt lat="49.28005" lon="-122.89951">
    <ele>245.59000000000003</ele>
   </trkpt>
   <trkpt lat="49.28" lon="-122.89955">
    <ele>248.21</ele>
   </trkpt>
   <trkpt lat="49.279680000000006" lon="-122.89941">
    <ele>256.5</ele>
   </trkpt>
   <trkpt lat="49.27962" lon="-122.89937">
    <ele>256.96000000000004</ele>
   </trkpt>
   <trkpt lat="49.279450000000004" lon="-122.89916000000001">
    <ele>257.09999999999997</ele>
   </trkpt>
   <trkpt lat="49.279340000000005" lon="-122.8991">
    <ele>257.76000000000005</ele>
   </trkpt>
   <trkpt lat="49.27908000000001" lon="-122.89901">
    <ele>262.07</ele>
   </trkpt>
   <trkpt lat="49.278870000000005" lon="-122.89897">
    <ele>263.03999999999996</ele>
   </trkpt>
   <trkpt lat="49.278690000000005" lon="-122.89897">
    <ele>264.59000000000003</ele>
   </trkpt>
   <trkpt lat="49.278240000000004" lon="-122.89907000000001">
    <ele>268.75000000000006</ele>
   </trkpt>
   <trkpt lat="49.277800000000006" lon="-122.89924">
    <ele>270.39</ele>
   </trkpt>
   <trkpt lat="49.27763" lon="-122.89933">
    <ele>271.82</ele>
   </trkpt>
   <trkpt lat="49.27749000000001" lon="-122.8995">
    <ele>274.51000000000005</ele>
   </trkpt>
   <trkpt lat="49.277260000000005" lon="-122.89990000000002">
    <ele>281.68000000000006</ele>
   </trkpt>
   <trkpt lat="49.277150000000006" lon="-122.90019000000001">
    <ele>285.19</ele>
   </trkpt>
   <trkpt lat="49.277080000000005" lon="-122.90031">
    <ele>287.40000000000003</ele>
   </trkpt>
   <trkpt lat="49.27667000083685" lon="-122.90073500347326">
    <ele>289.03000000000003</ele>
   </trkpt>
   <trkpt lat="49.27626" lon="-122.90116">
    <ele>289.49</ele>
   </trkpt>
   <trkpt lat="49.27595" lon="-122.90143">
    <ele>288.66</ele>
   </trkpt>
   <trkpt lat="49.275830000000006" lon="-122.90160000000002">
    <ele>288.96000000000004</ele>
   </trkpt>
   <trkpt lat="49.27572000000001" lon="-122.90178000000002">
    <ele>289.79</ele>
   </trkpt>
   <trkpt lat="49.27573" lon="-122.90178000000002">
    <ele>289.81</ele>
   </trkpt>
   <trkpt lat="49.275690000000004" lon="-122.90219">
    <ele>293.89000000000004</ele>
   </trkpt>
   <trkpt lat="49.275710000000004" lon="-122.90220000000001">
    <ele>293.89000000000004</ele>
   </trkpt>
   <trkpt lat="49.27581000000001" lon="-122.90215">
    <ele>295.78000000000003</ele>
   </trkpt>
   <trkpt lat="49.275920000000006" lon="-122.90215">
    <ele>297.93</ele>
   </trkpt>
   <trkpt lat="49.27599000000001" lon="-122.90219">
    <ele>299.54</ele>
   </trkpt>
   <trkpt lat="49.27601000000001" lon="-122.90223">
    <ele>299.54</ele>
   </trkpt>
   <trkpt lat="49.275980000000004" lon="-122.90259">
    <ele>304.03000000000003</ele>
   </trkpt>
   <trkpt lat="49.275890000000004" lon="-122.90295">
    <ele>306.63</ele>
   </trkpt>
   <trkpt lat="49.2757" lon="-122.9034">
    <ele>309.74</ele>
   </trkpt>
   <trkpt lat="49.27559" lon="-122.90359000000001">
    <ele>310.95</ele>
   </trkpt>
   <trkpt lat="49.27553" lon="-122.90376">
    <ele>312.04</ele>
   </trkpt>
   <trkpt lat="49.2755" lon="-122.90390000000001">
    <ele>312.04</ele>
   </trkpt>
   <trkpt lat="49.27548" lon="-122.90424000000002">
    <ele>315.02000000000004</ele>
   </trkpt>
   <trkpt lat="49.27543000000001" lon="-122.90451000000002">
    <ele>316.26000000000005</ele>
   </trkpt>
   <trkpt lat="49.27539" lon="-122.90462000000001">
    <ele>316.90000000000003</ele>
   </trkpt>
   <trkpt lat="49.275360000000006" lon="-122.90484000000001">
    <ele>317.98</ele>
   </trkpt>
   <trkpt lat="49.275270000000006" lon="-122.90523">
    <ele>318.99000000000007</ele>
   </trkpt>
   <trkpt lat="49.275180000000006" lon="-122.9055">
    <ele>319.17</ele>
   </trkpt>
   <trkpt lat="49.27507000000001" lon="-122.90572000000002">
    <ele>319.89</ele>
   </trkpt>
   <trkpt lat="49.275020000000005" lon="-122.90595">
    <ele>321.40000000000003</ele>
   </trkpt>
   <trkpt lat="49.275020000000005" lon="-122.90603000000002">
    <ele>321.70000000000005</ele>
   </trkpt>
   <trkpt lat="49.27503" lon="-122.90603000000002">
    <ele>321.76000000000005</ele>
   </trkpt>
   <trkpt lat="49.275020000000005" lon="-122.90595">
    <ele>321.40000000000003</ele>
   </trkpt>
   <trkpt lat="49.27507000000001" lon="-122.90572000000002">
    <ele>319.89</ele>
   </trkpt>
   <trkpt lat="49.275180000000006" lon="-122.9055">
    <ele>319.17</ele>
   </trkpt>
   <trkpt lat="49.275270000000006" lon="-122.90523">
    <ele>318.99000000000007</ele>
   </trkpt>
   <trkpt lat="49.275450000000006" lon="-122.90488">
    <ele>320.47</ele>
   </trkpt>
   <trkpt lat="49.275580000000005" lon="-122.90478000000002">
    <ele>321.39</ele>
   </trkpt>
   <trkpt lat="49.27568" lon="-122.90461">
    <ele>321.76000000000005</ele>
   </trkpt>
   <trkpt lat="49.27572000000001" lon="-122.90446000000001">
    <ele>321.92</ele>
   </trkpt>
   <trkpt lat="49.27572000000001" lon="-122.90448">
    <ele>321.91</ele>
   </trkpt>
   <trkpt lat="49.275760000000005" lon="-122.90435000000001">
    <ele>322.25000000000006</ele>
   </trkpt>
   <trkpt lat="49.27581000000001" lon="-122.90429">
    <ele>322.5</ele>
   </trkpt>
   <trkpt lat="49.27593" lon="-122.90421">
    <ele>323.45</ele>
   </trkpt>
   <trkpt lat="49.276120000000006" lon="-122.90398">
    <ele>325.02000000000004</ele>
   </trkpt>
   <trkpt lat="49.276300000000006" lon="-122.90385">
    <ele>325.96000000000004</ele>
   </trkpt>
   <trkpt lat="49.27635" lon="-122.90376">
    <ele>326.81000000000006</ele>
   </trkpt>
   <trkpt lat="49.27651" lon="-122.90367">
    <ele>328.06</ele>
   </trkpt>
   <trkpt lat="49.276590000000006" lon="-122.90353">
    <ele>328.31000000000006</ele>
   </trkpt>
   <trkpt lat="49.277010000000004" lon="-122.90313">
    <ele>333.49</ele>
   </trkpt>
   <trkpt lat="49.277080000000005" lon="-122.90295">
    <ele>333.83</ele>
   </trkpt>
   <trkpt lat="49.27709" lon="-122.90295">
    <ele>333.85</ele>
   </trkpt>
   <trkpt lat="49.27752" lon="-122.9026">
    <ele>337.96000000000004</ele>
   </trkpt>
   <trkpt lat="49.27761" lon="-122.90255">
    <ele>337.96000000000004</ele>
   </trkpt>
   <trkpt lat="49.277680000000004" lon="-122.90286">
    <ele>334.24</ele>
   </trkpt>
   <trkpt lat="49.277890000000006" lon="-122.90277">
    <ele>334.54</ele>
   </trkpt>
   <trkpt lat="49.27807000000001" lon="-122.90277">
    <ele>334.8</ele>
   </trkpt>
   <trkpt lat="49.27816000000001" lon="-122.90273">
    <ele>334.8</ele>
   </trkpt>
   <trkpt lat="49.27835" lon="-122.90273">
    <ele>335.24</ele>
   </trkpt>
   <trkpt lat="49.27866" lon="-122.90277">
    <ele>335.5</ele>
   </trkpt>
   <trkpt lat="49.278980000000004" lon="-122.90291">
    <ele>335.90000000000003</ele>
   </trkpt>
   <trkpt lat="49.27906" lon="-122.90292000000001">
    <ele>335.90000000000003</ele>
   </trkpt>
   <trkpt lat="49.27929" lon="-122.90310000000001">
    <ele>336.1</ele>
   </trkpt>
   <trkpt lat="49.27949" lon="-122.90330000000002">
    <ele>336.23</ele>
   </trkpt>
   <trkpt lat="49.27993000000001" lon="-122.90386000000001">
    <ele>337.22</ele>
   </trkpt>
   <trkpt lat="49.28014" lon="-122.90431000000001">
    <ele>338.27</ele>
   </trkpt>
   <trkpt lat="49.28029" lon="-122.90474">
    <ele>339.14000000000004</ele>
   </trkpt>
   <trkpt lat="49.28047" lon="-122.90568">
    <ele>342.07000000000005</ele>
   </trkpt>
   <trkpt lat="49.28068500315003" lon="-122.90653499625613">
    <ele>344.64</ele>
   </trkpt>
   <trkpt lat="49.2809" lon="-122.90739">
    <ele>346.36</ele>
   </trkpt>
   <trkpt lat="49.280930000000005" lon="-122.90766">
    <ele>346.5</ele>
   </trkpt>
   <trkpt lat="49.280930000000005" lon="-122.90767000000001">
    <ele>346.5</ele>
   </trkpt>
   <trkpt lat="49.28101" lon="-122.90819">
    <ele>346.54</ele>
   </trkpt>
   <trkpt lat="49.281000000000006" lon="-122.90841">
    <ele>346.61</ele>
   </trkpt>
   <trkpt lat="49.281060000000004" lon="-122.90846">
    <ele>345.99</ele>
   </trkpt>
   <trkpt lat="49.28108" lon="-122.90851">
    <ele>345.99</ele>
   </trkpt>
   <trkpt lat="49.2811" lon="-122.90878000000001">
    <ele>344.09</ele>
   </trkpt>
   <trkpt lat="49.28103" lon="-122.9094">
    <ele>340.80000000000007</ele>
   </trkpt>
   <trkpt lat="49.28103" lon="-122.90956000000001">
    <ele>339.18</ele>
   </trkpt>
   <trkpt lat="49.281020000000005" lon="-122.90957000000002">
    <ele>339.22</ele>
   </trkpt>
   <trkpt lat="49.28069000000001" lon="-122.91012">
    <ele>346.07000000000005</ele>
   </trkpt>
   <trkpt lat="49.280590000000004" lon="-122.91016">
    <ele>347.28000000000003</ele>
   </trkpt>
   <trkpt lat="49.28058" lon="-122.91016">
    <ele>347.28000000000003</ele>
   </trkpt>
   <trkpt lat="49.28047" lon="-122.91035000000001">
    <ele>347.56</ele>
   </trkpt>
   <trkpt lat="49.28043" lon="-122.91057">
    <ele>347.63000000000005</ele>
   </trkpt>
   <trkpt lat="49.28045" lon="-122.91078000000002">
    <ele>347.35</ele>
   </trkpt>
   <trkpt lat="49.28058" lon="-122.9111">
    <ele>346.71000000000004</ele>
   </trkpt>
   <trkpt lat="49.280660000000005" lon="-122.91145000000002">
    <ele>345.68000000000006</ele>
   </trkpt>
   <trkpt lat="49.2807600040596" lon="-122.91241999803209">
    <ele>341.55</ele>
   </trkpt>
   <trkpt lat="49.280860000000004" lon="-122.91339">
    <ele>340.85</ele>
   </trkpt>
   <trkpt lat="49.28092" lon="-122.91415">
    <ele>340.77000000000004</ele>
   </trkpt>
   <trkpt lat="49.280930000000005" lon="-122.91464">
    <ele>340.62</ele>
   </trkpt>
   <trkpt lat="49.280910000000006" lon="-122.91549">
    <ele>340.62</ele>
   </trkpt>
   <trkpt lat="49.28083" lon="-122.91662000000001">
    <ele>340.22</ele>
   </trkpt>
   <trkpt lat="49.28078000000001" lon="-122.9171">
    <ele>339.68</ele>
   </trkpt>
   <trkpt lat="49.2807" lon="-122.9175">
    <ele>339.47</ele>
   </trkpt>
   <trkpt lat="49.28063" lon="-122.91768">
    <ele>339.37</ele>
   </trkpt>
   <trkpt lat="49.280590000000004" lon="-122.91773">
    <ele>339.37</ele>
   </trkpt>
   <trkpt lat="49.28034" lon="-122.91826">
    <ele>338.47</ele>
   </trkpt>
   <trkpt lat="49.280210000000004" lon="-122.91862">
    <ele>338.23</ele>
   </trkpt>
   <trkpt lat="49.28011" lon="-122.91926000000001">
    <ele>337.29</ele>
   </trkpt>
   <trkpt lat="49.28011" lon="-122.91927000000001">
    <ele>337.29</ele>
   </trkpt>
   <trkpt lat="49.280120000000004" lon="-122.91974">
    <ele>336.95000000000005</ele>
   </trkpt>
   <trkpt lat="49.28024000230558" lon="-122.92047499805629">
    <ele>335.83</ele>
   </trkpt>
   <trkpt lat="49.28036" lon="-122.92121000000002">
    <ele>335.57000000000005</ele>
   </trkpt>
   <trkpt lat="49.28036" lon="-122.92120000000001">
    <ele>335.58000000000004</ele>
   </trkpt>
   <trkpt lat="49.280350000000006" lon="-122.92108">
    <ele>335.65</ele>
   </trkpt>
   <trkpt lat="49.28040000000001" lon="-122.92099">
    <ele>334.26</ele>
   </trkpt>
   <trkpt lat="49.280440000000006" lon="-122.92086">
    <ele>333.05</ele>
   </trkpt>
   <trkpt lat="49.28041" lon="-122.92032">
    <ele>330.02000000000004</ele>
   </trkpt>
   <trkpt lat="49.28042000000001" lon="-122.92011000000001">
    <ele>328.33</ele>
   </trkpt>
   <trkpt lat="49.28047" lon="-122.9201">
    <ele>326.69000000000005</ele>
   </trkpt>
   <trkpt lat="49.280570000000004" lon="-122.92014">
    <ele>323.88</ele>
   </trkpt>
   <trkpt lat="49.280590000000004" lon="-122.92011000000001">
    <ele>323.88</ele>
   </trkpt>
   <trkpt lat="49.28054" lon="-122.91992">
    <ele>321.58000000000004</ele>
   </trkpt>
   <trkpt lat="49.28063" lon="-122.91992">
    <ele>320.90000000000003</ele>
   </trkpt>
   <trkpt lat="49.280680000000004" lon="-122.92001">
    <ele>320.64000000000004</ele>
   </trkpt>
   <trkpt lat="49.28089000000001" lon="-122.92014">
    <ele>316.75</ele>
   </trkpt>
   <trkpt lat="49.2811" lon="-122.92060000000001">
    <ele>312.73</ele>
   </trkpt>
   <trkpt lat="49.281330000000004" lon="-122.9209">
    <ele>306.88000000000005</ele>
   </trkpt>
   <trkpt lat="49.28148" lon="-122.92121000000002">
    <ele>305.20000000000005</ele>
   </trkpt>
   <trkpt lat="49.28168" lon="-122.92175">
    <ele>300.13</ele>
   </trkpt>
   <trkpt lat="49.28190000283636" lon="-122.92256499625461">
    <ele>295.62000000000006</ele>
   </trkpt>
   <trkpt lat="49.282120000000006" lon="-122.92338000000001">
    <ele>292.38</ele>
   </trkpt>
   <trkpt lat="49.28224" lon="-122.92378000000001">
    <ele>290.65000000000003</ele>
   </trkpt>
   <trkpt lat="49.28228000000001" lon="-122.92417">
    <ele>290.56000000000006</ele>
   </trkpt>
   <trkpt lat="49.282270000000004" lon="-122.92507">
    <ele>293.21000000000004</ele>
   </trkpt>
   <trkpt lat="49.28229" lon="-122.92565">
    <ele>295.11</ele>
   </trkpt>
   <trkpt lat="49.282270000000004" lon="-122.92611000000001">
    <ele>297.59000000000003</ele>
   </trkpt>
   <trkpt lat="49.282230000000006" lon="-122.92655">
    <ele>299.73</ele>
   </trkpt>
   <trkpt lat="49.282140000000005" lon="-122.92703000000002">
    <ele>301.00000000000006</ele>
   </trkpt>
   <trkpt lat="49.282270000000004" lon="-122.92744">
    <ele>300.68</ele>
   </trkpt>
   <trkpt lat="49.28229" lon="-122.92758">
    <ele>300.99</ele>
   </trkpt>
   <trkpt lat="49.28228000000001" lon="-122.92779000000002">
    <ele>302.04</ele>
   </trkpt>
   <trkpt lat="49.282180000000004" lon="-122.92821">
    <ele>305.22</ele>
   </trkpt>
   <trkpt lat="49.282140000000005" lon="-122.92833000000002">
    <ele>307.25</ele>
   </trkpt>
   <trkpt lat="49.28202" lon="-122.92847">
    <ele>309.48</ele>
   </trkpt>
   <trkpt lat="49.281980000000004" lon="-122.92856">
    <ele>310.17</ele>
   </trkpt>
   <trkpt lat="49.28183000000001" lon="-122.92911000000001">
    <ele>314.69</ele>
   </trkpt>
   <trkpt lat="49.281710000000004" lon="-122.92968">
    <ele>318.8</ele>
   </trkpt>
   <trkpt lat="49.28164" lon="-122.92981">
    <ele>319.79</ele>
   </trkpt>
   <trkpt lat="49.28154000000001" lon="-122.92995">
    <ele>321.42</ele>
   </trkpt>
   <trkpt lat="49.281330000000004" lon="-122.93009">
    <ele>324.77</ele>
   </trkpt>
   <trkpt lat="49.28136000000001" lon="-122.92976000000002">
    <ele>324.88</ele>
   </trkpt>
   <trkpt lat="49.28146" lon="-122.92923">
    <ele>325.5</ele>
   </trkpt>
   <trkpt lat="49.28148" lon="-122.92891000000002">
    <ele>326.28000000000003</ele>
   </trkpt>
   <trkpt lat="49.28146" lon="-122.92923">
    <ele>325.5</ele>
   </trkpt>
   <trkpt lat="49.28136000000001" lon="-122.92976000000002">
    <ele>324.88</ele>
   </trkpt>
   <trkpt lat="49.281330000000004" lon="-122.93009">
    <ele>324.77</ele>
   </trkpt>
   <trkpt lat="49.28154000000001" lon="-122.92995">
    <ele>321.42</ele>
   </trkpt>
   <trkpt lat="49.28164" lon="-122.92981">
    <ele>319.79</ele>
   </trkpt>
   <trkpt lat="49.281710000000004" lon="-122.92968">
    <ele>318.8</ele>
   </trkpt>
   <trkpt lat="49.28183000000001" lon="-122.92911000000001">
    <ele>314.69</ele>
   </trkpt>
   <trkpt lat="49.28182" lon="-122.92912000000001">
    <ele>314.69</ele>
   </trkpt>
   <trkpt lat="49.281980000000004" lon="-122.92856">
    <ele>310.17</ele>
   </trkpt>
   <trkpt lat="49.28202" lon="-122.92847">
    <ele>309.48</ele>
   </trkpt>
   <trkpt lat="49.282140000000005" lon="-122.92833000000002">
    <ele>307.25</ele>
   </trkpt>
   <trkpt lat="49.282180000000004" lon="-122.92821">
    <ele>305.22</ele>
   </trkpt>
   <trkpt lat="49.28228000000001" lon="-122.92779000000002">
    <ele>302.04</ele>
   </trkpt>
   <trkpt lat="49.28229" lon="-122.92758">
    <ele>300.99</ele>
   </trkpt>
   <trkpt lat="49.282270000000004" lon="-122.92744">
    <ele>300.68</ele>
   </trkpt>
   <trkpt lat="49.282140000000005" lon="-122.92703000000002">
    <ele>301.00000000000006</ele>
   </trkpt>
   <trkpt lat="49.282230000000006" lon="-122.92655">
    <ele>299.73</ele>
   </trkpt>
   <trkpt lat="49.282270000000004" lon="-122.92611000000001">
    <ele>297.59000000000003</ele>
   </trkpt>
   <trkpt lat="49.28229" lon="-122.92565">
    <ele>294.71000000000004</ele>
   </trkpt>
   <trkpt lat="49.282270000000004" lon="-122.92507">
    <ele>292.19</ele>
   </trkpt>
   <trkpt lat="49.28228000000001" lon="-122.92417">
    <ele>290.56000000000006</ele>
   </trkpt>
   <trkpt lat="49.28224" lon="-122.92378000000001">
    <ele>290.65000000000003</ele>
   </trkpt>
   <trkpt lat="49.28196000450253" lon="-122.92276499444515">
    <ele>294.58</ele>
   </trkpt>
   <trkpt lat="49.28168" lon="-122.92175">
    <ele>300.13</ele>
   </trkpt>
   <trkpt lat="49.28148" lon="-122.92121000000002">
    <ele>305.20000000000005</ele>
   </trkpt>
   <trkpt lat="49.281330000000004" lon="-122.9209">
    <ele>310.06</ele>
   </trkpt>
   <trkpt lat="49.2811" lon="-122.92060000000001">
    <ele>312.73</ele>
   </trkpt>
   <trkpt lat="49.28089000000001" lon="-122.92014">
    <ele>319.1</ele>
   </trkpt>
   <trkpt lat="49.280680000000004" lon="-122.92001">
    <ele>320.82000000000005</ele>
   </trkpt>
   <trkpt lat="49.28063" lon="-122.91992">
    <ele>320.90000000000003</ele>
   </trkpt>
   <trkpt lat="49.28054" lon="-122.91992">
    <ele>321.58000000000004</ele>
   </trkpt>
   <trkpt lat="49.280590000000004" lon="-122.92011000000001">
    <ele>323.88</ele>
   </trkpt>
   <trkpt lat="49.280570000000004" lon="-122.92014">
    <ele>323.88</ele>
   </trkpt>
   <trkpt lat="49.28047" lon="-122.9201">
    <ele>326.69000000000005</ele>
   </trkpt>
   <trkpt lat="49.28042000000001" lon="-122.92011000000001">
    <ele>328.33</ele>
   </trkpt>
   <trkpt lat="49.28041" lon="-122.92032">
    <ele>330.02000000000004</ele>
   </trkpt>
   <trkpt lat="49.280440000000006" lon="-122.92086">
    <ele>333.05</ele>
   </trkpt>
   <trkpt lat="49.28040000000001" lon="-122.92099">
    <ele>334.26</ele>
   </trkpt>
   <trkpt lat="49.280350000000006" lon="-122.92108">
    <ele>335.65</ele>
   </trkpt>
   <trkpt lat="49.280370000000005" lon="-122.92127">
    <ele>335.54</ele>
   </trkpt>
   <trkpt lat="49.280460000000005" lon="-122.92187000000001">
    <ele>335.36</ele>
   </trkpt>
   <trkpt lat="49.28054" lon="-122.9222">
    <ele>335.24</ele>
   </trkpt>
   <trkpt lat="49.280750000000005" lon="-122.92269000000002">
    <ele>334.94</ele>
   </trkpt>
   <trkpt lat="49.280930000000005" lon="-122.92319">
    <ele>334.65</ele>
   </trkpt>
   <trkpt lat="49.2810750023611" lon="-122.92392999781585">
    <ele>334.13000000000005</ele>
   </trkpt>
   <trkpt lat="49.281220000000005" lon="-122.92467">
    <ele>333.73</ele>
   </trkpt>
   <trkpt lat="49.281310000000005" lon="-122.92525">
    <ele>333.15</ele>
   </trkpt>
   <trkpt lat="49.28144" lon="-122.92642000000001">
    <ele>331.6</ele>
   </trkpt>
   <trkpt lat="49.28139500227503" lon="-122.92714500054679">
    <ele>329.93</ele>
   </trkpt>
   <trkpt lat="49.28135" lon="-122.92787000000001">
    <ele>328.28000000000003</ele>
   </trkpt>
   <trkpt lat="49.281470000000006" lon="-122.92852">
    <ele>326.76000000000005</ele>
   </trkpt>
   <trkpt lat="49.281490000000005" lon="-122.92891000000002">
    <ele>326.3</ele>
   </trkpt>
   <trkpt lat="49.28146" lon="-122.92923">
    <ele>325.5</ele>
   </trkpt>
   <trkpt lat="49.28136000000001" lon="-122.92976000000002">
    <ele>324.88</ele>
   </trkpt>
   <trkpt lat="49.281330000000004" lon="-122.93009">
    <ele>324.77</ele>
   </trkpt>
   <trkpt lat="49.281240000000004" lon="-122.93048000000002">
    <ele>326.55</ele>
   </trkpt>
   <trkpt lat="49.28114" lon="-122.93072000000001">
    <ele>326.44</ele>
   </trkpt>
   <trkpt lat="49.281240000000004" lon="-122.93048000000002">
    <ele>326.55</ele>
   </trkpt>
   <trkpt lat="49.281330000000004" lon="-122.93009">
    <ele>324.77</ele>
   </trkpt>
   <trkpt lat="49.28136000000001" lon="-122.92976000000002">
    <ele>324.88</ele>
   </trkpt>
   <trkpt lat="49.28146" lon="-122.92923">
    <ele>325.5</ele>
   </trkpt>
   <trkpt lat="49.281490000000005" lon="-122.92891000000002">
    <ele>326.3</ele>
   </trkpt>
   <trkpt lat="49.281150000000004" lon="-122.92932">
    <ele>329.11</ele>
   </trkpt>
   <trkpt lat="49.281060000000004" lon="-122.92963">
    <ele>328.88</ele>
   </trkpt>
   <trkpt lat="49.28103" lon="-122.92987000000001">
    <ele>327.77</ele>
   </trkpt>
   <trkpt lat="49.28088" lon="-122.93031">
    <ele>326.62</ele>
   </trkpt>
   <trkpt lat="49.280930000000005" lon="-122.93036000000001">
    <ele>326.61</ele>
   </trkpt>
   <trkpt lat="49.281040000000004" lon="-122.93045000000001">
    <ele>326.54</ele>
   </trkpt>
   <trkpt lat="49.281150000000004" lon="-122.93071">
    <ele>326.46000000000004</ele>
   </trkpt>
   <trkpt lat="49.28114" lon="-122.93071">
    <ele>326.44</ele>
   </trkpt>
   <trkpt lat="49.28099" lon="-122.93107">
    <ele>325.18</ele>
   </trkpt>
   <trkpt lat="49.280820000000006" lon="-122.93134">
    <ele>323.46000000000004</ele>
   </trkpt>
   <trkpt lat="49.280480000000004" lon="-122.93214">
    <ele>322.18</ele>
   </trkpt>
   <trkpt lat="49.280330000000006" lon="-122.93227000000002">
    <ele>321.98</ele>
   </trkpt>
   <trkpt lat="49.280350000000006" lon="-122.93191000000002">
    <ele>323.42</ele>
   </trkpt>
   <trkpt lat="49.280390000000004" lon="-122.93169">
    <ele>324.21000000000004</ele>
   </trkpt>
   <trkpt lat="49.28054" lon="-122.93130000000001">
    <ele>324.91</ele>
   </trkpt>
   <trkpt lat="49.280660000000005" lon="-122.93085">
    <ele>325.91</ele>
   </trkpt>
   <trkpt lat="49.28087000000001" lon="-122.93031">
    <ele>326.61</ele>
   </trkpt>
   <trkpt lat="49.280660000000005" lon="-122.93085">
    <ele>325.91</ele>
   </trkpt>
   <trkpt lat="49.28054" lon="-122.93130000000001">
    <ele>324.91</ele>
   </trkpt>
   <trkpt lat="49.280390000000004" lon="-122.93169">
    <ele>324.21000000000004</ele>
   </trkpt>
   <trkpt lat="49.280350000000006" lon="-122.93191000000002">
    <ele>323.42</ele>
   </trkpt>
   <trkpt lat="49.280330000000006" lon="-122.93227000000002">
    <ele>321.98</ele>
   </trkpt>
   <trkpt lat="49.28040000000001" lon="-122.93220000000001">
    <ele>322.02000000000004</ele>
   </trkpt>
   <trkpt lat="49.28042000000001" lon="-122.93233000000001">
    <ele>321.93000000000006</ele>
   </trkpt>
   <trkpt lat="49.280460000000005" lon="-122.93242000000001">
    <ele>321.91</ele>
   </trkpt>
   <trkpt lat="49.28054" lon="-122.93251000000001">
    <ele>321.94</ele>
   </trkpt>
   <trkpt lat="49.28065" lon="-122.93259">
    <ele>321.6</ele>
   </trkpt>
   <trkpt lat="49.2807" lon="-122.93268">
    <ele>321.27</ele>
   </trkpt>
   <trkpt lat="49.28074" lon="-122.93281">
    <ele>319.21999999999997</ele>
   </trkpt>
   <trkpt lat="49.28076" lon="-122.93304">
    <ele>318.49000000000007</ele>
   </trkpt>
   <trkpt lat="49.28085" lon="-122.93318000000001">
    <ele>317.91</ele>
   </trkpt>
   <trkpt lat="49.280950000000004" lon="-122.93330000000002">
    <ele>317.45</ele>
   </trkpt>
   <trkpt lat="49.281150000000004" lon="-122.9334">
    <ele>314.63</ele>
   </trkpt>
   <trkpt lat="49.281220000000005" lon="-122.93338000000001">
    <ele>314.63</ele>
   </trkpt>
   <trkpt lat="49.28121" lon="-122.93339000000002">
    <ele>314.63</ele>
   </trkpt>
   <trkpt lat="49.281290000000006" lon="-122.93335">
    <ele>314.33</ele>
   </trkpt>
   <trkpt lat="49.281470000000006" lon="-122.93335">
    <ele>311.12</ele>
   </trkpt>
   <trkpt lat="49.28192000000001" lon="-122.93370000000002">
    <ele>304.42</ele>
   </trkpt>
   <trkpt lat="49.282070000000004" lon="-122.93384">
    <ele>300.96</ele>
   </trkpt>
   <trkpt lat="49.282140000000005" lon="-122.93384">
    <ele>300.96</ele>
   </trkpt>
   <trkpt lat="49.28219000000001" lon="-122.9338">
    <ele>300.29</ele>
   </trkpt>
   <trkpt lat="49.28228000000001" lon="-122.93371">
    <ele>298.69</ele>
   </trkpt>
   <trkpt lat="49.28235" lon="-122.93357">
    <ele>297.43</ele>
   </trkpt>
   <trkpt lat="49.282430000000005" lon="-122.93353">
    <ele>297.43</ele>
   </trkpt>
   <trkpt lat="49.282610000000005" lon="-122.93348">
    <ele>295.37</ele>
   </trkpt>
   <trkpt lat="49.282680000000006" lon="-122.93344">
    <ele>294.96</ele>
   </trkpt>
   <trkpt lat="49.282830000000004" lon="-122.93349">
    <ele>294.50000000000006</ele>
   </trkpt>
   <trkpt lat="49.283010000000004" lon="-122.93362">
    <ele>294.52</ele>
   </trkpt>
   <trkpt lat="49.283300000000004" lon="-122.93402">
    <ele>295.46</ele>
   </trkpt>
   <trkpt lat="49.283350000000006" lon="-122.93414000000001">
    <ele>295.55</ele>
   </trkpt>
   <trkpt lat="49.283350000000006" lon="-122.93415000000002">
    <ele>295.55</ele>
   </trkpt>
   <trkpt lat="49.28336" lon="-122.93437000000002">
    <ele>295.6</ele>
   </trkpt>
   <trkpt lat="49.283500000000004" lon="-122.93469">
    <ele>295.23</ele>
   </trkpt>
   <trkpt lat="49.28352" lon="-122.93487">
    <ele>294.68</ele>
   </trkpt>
   <trkpt lat="49.28351000000001" lon="-122.93559">
    <ele>287.74000000000007</ele>
   </trkpt>
   <trkpt lat="49.283550000000005" lon="-122.93572">
    <ele>286.02</ele>
   </trkpt>
   <trkpt lat="49.283820000000006" lon="-122.93608">
    <ele>278.52000000000004</ele>
   </trkpt>
   <trkpt lat="49.28401" lon="-122.93657">
    <ele>273.96000000000004</ele>
   </trkpt>
   <trkpt lat="49.28408" lon="-122.93699000000001">
    <ele>267.36</ele>
   </trkpt>
   <trkpt lat="49.284090000000006" lon="-122.93747">
    <ele>258.85</ele>
   </trkpt>
   <trkpt lat="49.28414" lon="-122.93779">
    <ele>254.48999999999998</ele>
   </trkpt>
   <trkpt lat="49.28425000000001" lon="-122.93787">
    <ele>251.60000000000005</ele>
   </trkpt>
   <trkpt lat="49.2843" lon="-122.93797">
    <ele>250.82999999999998</ele>
   </trkpt>
   <trkpt lat="49.28428" lon="-122.93828">
    <ele>248.19000000000003</ele>
   </trkpt>
   <trkpt lat="49.28445000000001" lon="-122.93891">
    <ele>242.99</ele>
   </trkpt>
   <trkpt lat="49.284510000000004" lon="-122.93899">
    <ele>242.99</ele>
   </trkpt>
   <trkpt lat="49.284440000000004" lon="-122.93922">
    <ele>240.65000000000003</ele>
   </trkpt>
   <trkpt lat="49.284420000000004" lon="-122.93953">
    <ele>238.36</ele>
   </trkpt>
   <trkpt lat="49.284440000000004" lon="-122.93962">
    <ele>236.83</ele>
   </trkpt>
   <trkpt lat="49.284600000000005" lon="-122.93971">
    <ele>234.13000000000002</ele>
   </trkpt>
   <trkpt lat="49.2847" lon="-122.93981000000001">
    <ele>230.92000000000002</ele>
   </trkpt>
   <trkpt lat="49.284760000000006" lon="-122.94006000000002">
    <ele>228.4</ele>
   </trkpt>
   <trkpt lat="49.28481000000001" lon="-122.94011">
    <ele>227.09</ele>
   </trkpt>
   <trkpt lat="49.284890000000004" lon="-122.94030000000001">
    <ele>223.87</ele>
   </trkpt>
   <trkpt lat="49.284960000000005" lon="-122.94042">
    <ele>223.87</ele>
   </trkpt>
   <trkpt lat="49.28513" lon="-122.9406">
    <ele>217.58</ele>
   </trkpt>
   <trkpt lat="49.28524" lon="-122.94087">
    <ele>214.89000000000001</ele>
   </trkpt>
   <trkpt lat="49.28544" lon="-122.94111000000001">
    <ele>209.78000000000003</ele>
   </trkpt>
   <trkpt lat="49.28549" lon="-122.94124000000001">
    <ele>208.38</ele>
   </trkpt>
   <trkpt lat="49.285560000000004" lon="-122.94159">
    <ele>205.21</ele>
   </trkpt>
   <trkpt lat="49.285610000000005" lon="-122.94168">
    <ele>202.72</ele>
   </trkpt>
   <trkpt lat="49.28609" lon="-122.94217">
    <ele>196.85000000000002</ele>
   </trkpt>
   <trkpt lat="49.286170000000006" lon="-122.9423">
    <ele>195.25</ele>
   </trkpt>
   <trkpt lat="49.28625" lon="-122.94253">
    <ele>192.87</ele>
   </trkpt>
   <trkpt lat="49.28631000000001" lon="-122.94263000000001">
    <ele>191.37</ele>
   </trkpt>
   <trkpt lat="49.28636" lon="-122.94265000000001">
    <ele>191.33</ele>
   </trkpt>
   <trkpt lat="49.28636" lon="-122.94267">
    <ele>191.33</ele>
   </trkpt>
   <trkpt lat="49.28636" lon="-122.94265000000001">
    <ele>191.37</ele>
   </trkpt>
   <trkpt lat="49.28631000000001" lon="-122.94263000000001">
    <ele>191.37</ele>
   </trkpt>
   <trkpt lat="49.28625" lon="-122.94253">
    <ele>192.87</ele>
   </trkpt>
   <trkpt lat="49.28614" lon="-122.94258">
    <ele>194.44000000000003</ele>
   </trkpt>
   <trkpt lat="49.28595000000001" lon="-122.94254000000001">
    <ele>196.94</ele>
   </trkpt>
   <trkpt lat="49.28585" lon="-122.94257">
    <ele>197.61</ele>
   </trkpt>
   <trkpt lat="49.285560000000004" lon="-122.9428">
    <ele>197.77000000000004</ele>
   </trkpt>
   <trkpt lat="49.28546" lon="-122.94285">
    <ele>198.25</ele>
   </trkpt>
   <trkpt lat="49.28522" lon="-122.94289">
    <ele>200.10000000000002</ele>
   </trkpt>
   <trkpt lat="49.285090000000004" lon="-122.94289">
    <ele>201.5</ele>
   </trkpt>
   <trkpt lat="49.284960000000005" lon="-122.94293">
    <ele>202.61</ele>
   </trkpt>
   <trkpt lat="49.28439" lon="-122.94325">
    <ele>204.44</ele>
   </trkpt>
   <trkpt lat="49.28428" lon="-122.94324">
    <ele>205.55</ele>
   </trkpt>
   <trkpt lat="49.284060000000004" lon="-122.94315000000002">
    <ele>206.21</ele>
   </trkpt>
   <trkpt lat="49.283820000000006" lon="-122.94316">
    <ele>206.74</ele>
   </trkpt>
   <trkpt lat="49.283750000000005" lon="-122.9432">
    <ele>206.71</ele>
   </trkpt>
   <trkpt lat="49.283550000000005" lon="-122.94342">
    <ele>204.6</ele>
   </trkpt>
   <trkpt lat="49.28349000000001" lon="-122.9436">
    <ele>202.64000000000001</ele>
   </trkpt>
   <trkpt lat="49.28347" lon="-122.94369">
    <ele>201.89000000000001</ele>
   </trkpt>
   <trkpt lat="49.28340000000001" lon="-122.94459">
    <ele>191.81</ele>
   </trkpt>
   <trkpt lat="49.28323" lon="-122.94503000000002">
    <ele>186.94000000000003</ele>
   </trkpt>
   <trkpt lat="49.283150000000006" lon="-122.94513">
    <ele>185.72000000000003</ele>
   </trkpt>
   <trkpt lat="49.28286000000001" lon="-122.94531">
    <ele>183.62</ele>
   </trkpt>
   <trkpt lat="49.28237000000001" lon="-122.94548">
    <ele>179.75000000000003</ele>
   </trkpt>
   <trkpt lat="49.28238" lon="-122.94624">
    <ele>171.64000000000001</ele>
   </trkpt>
   <trkpt lat="49.282300000000006" lon="-122.94642">
    <ele>170.11</ele>
   </trkpt>
   <trkpt lat="49.28238" lon="-122.94624">
    <ele>171.64000000000001</ele>
   </trkpt>
   <trkpt lat="49.28237751749257" lon="-122.9450774998067">
    <ele>184.72000000000003</ele>
   </trkpt>
   <trkpt lat="49.28237502332339" lon="-122.94391499973074">
    <ele>194.07000000000002</ele>
   </trkpt>
   <trkpt lat="49.2823725174925" lon="-122.94275249977262">
    <ele>203.18000000000004</ele>
   </trkpt>
   <trkpt lat="49.28237000000001" lon="-122.94159">
    <ele>222.81</ele>
   </trkpt>
   <trkpt lat="49.28242" lon="-122.94039000000001">
    <ele>233.35000000000002</ele>
   </trkpt>
   <trkpt lat="49.28239000000001" lon="-122.94021000000001">
    <ele>235.38</ele>
   </trkpt>
   <trkpt lat="49.282395003008574" lon="-122.9393750000408">
    <ele>242.55</ele>
   </trkpt>
   <trkpt lat="49.2824" lon="-122.93854">
    <ele>251.48000000000002</ele>
   </trkpt>
   <trkpt lat="49.28238" lon="-122.93814">
    <ele>254.98999999999998</ele>
   </trkpt>
   <trkpt lat="49.28242" lon="-122.93802000000001">
    <ele>256.32000000000005</ele>
   </trkpt>
   <trkpt lat="49.28238" lon="-122.93747">
    <ele>262.38</ele>
   </trkpt>
   <trkpt lat="49.28239000000001" lon="-122.93747">
    <ele>262.38</ele>
   </trkpt>
   <trkpt lat="49.282140000000005" lon="-122.93738">
    <ele>265.28000000000003</ele>
   </trkpt>
   <trkpt lat="49.28172000000001" lon="-122.93766000000001">
    <ele>268.02000000000004</ele>
   </trkpt>
   <trkpt lat="49.28183000000001" lon="-122.93748000000001">
    <ele>269.44</ele>
   </trkpt>
   <trkpt lat="49.28224" lon="-122.93668000000001">
    <ele>278.04</ele>
   </trkpt>
   <trkpt lat="49.282230000000006" lon="-122.93669000000001">
    <ele>277.97</ele>
   </trkpt>
   <trkpt lat="49.28247" lon="-122.93623000000001">
    <ele>283.37</ele>
   </trkpt>
   <trkpt lat="49.282630000000005" lon="-122.93599">
    <ele>287.18000000000006</ele>
   </trkpt>
   <trkpt lat="49.28287" lon="-122.93554">
    <ele>291.27000000000004</ele>
   </trkpt>
   <trkpt lat="49.28289" lon="-122.93542000000001">
    <ele>291.68000000000006</ele>
   </trkpt>
   <trkpt lat="49.282880000000006" lon="-122.93531000000002">
    <ele>292.40000000000003</ele>
   </trkpt>
   <trkpt lat="49.283030000000004" lon="-122.93500000000002">
    <ele>293.51000000000005</ele>
   </trkpt>
   <trkpt lat="49.28316" lon="-122.93519">
    <ele>293.28000000000003</ele>
   </trkpt>
   <trkpt lat="49.28323" lon="-122.93523">
    <ele>293.25</ele>
   </trkpt>
   <trkpt lat="49.28341" lon="-122.93527000000002">
    <ele>293.24</ele>
   </trkpt>
   <trkpt lat="49.28342000000001" lon="-122.93532">
    <ele>293.24</ele>
   </trkpt>
   <trkpt lat="49.28347" lon="-122.93532">
    <ele>292.89000000000004</ele>
   </trkpt>
   <trkpt lat="49.28352" lon="-122.93523">
    <ele>293.32</ele>
   </trkpt>
   <trkpt lat="49.28352" lon="-122.93487">
    <ele>294.91</ele>
   </trkpt>
   <trkpt lat="49.283500000000004" lon="-122.93469">
    <ele>295.35</ele>
   </trkpt>
   <trkpt lat="49.28336" lon="-122.93437000000002">
    <ele>295.59000000000003</ele>
   </trkpt>
   <trkpt lat="49.283500000000004" lon="-122.93469">
    <ele>295.23</ele>
   </trkpt>
   <trkpt lat="49.28352" lon="-122.93487">
    <ele>294.68</ele>
   </trkpt>
   <trkpt lat="49.28351000000001" lon="-122.93559">
    <ele>287.74000000000007</ele>
   </trkpt>
   <trkpt lat="49.283550000000005" lon="-122.93572">
    <ele>286.02</ele>
   </trkpt>
   <trkpt lat="49.283550000000005" lon="-122.9359">
    <ele>284.07000000000005</ele>
   </trkpt>
   <trkpt lat="49.28334" lon="-122.93617">
    <ele>281.5</ele>
   </trkpt>
   <trkpt lat="49.28316" lon="-122.93635">
    <ele>279.62</ele>
   </trkpt>
   <trkpt lat="49.28307" lon="-122.93652000000002">
    <ele>276.29</ele>
   </trkpt>
   <trkpt lat="49.283030000000004" lon="-122.93666">
    <ele>276.29</ele>
   </trkpt>
   <trkpt lat="49.28304000000001" lon="-122.93675">
    <ele>275.24</ele>
   </trkpt>
   <trkpt lat="49.283100000000005" lon="-122.93684">
    <ele>274.3</ele>
   </trkpt>
   <trkpt lat="49.28349000000001" lon="-122.93696000000001">
    <ele>271.41</ele>
   </trkpt>
   <trkpt lat="49.28349000000001" lon="-122.93695000000001">
    <ele>271.41</ele>
   </trkpt>
   <trkpt lat="49.283680000000004" lon="-122.93711">
    <ele>268.99</ele>
   </trkpt>
   <trkpt lat="49.28379" lon="-122.93708000000001">
    <ele>268.62</ele>
   </trkpt>
   <trkpt lat="49.28398000000001" lon="-122.93698">
    <ele>267.71</ele>
   </trkpt>
   <trkpt lat="49.284090000000006" lon="-122.93699000000001">
    <ele>267.36</ele>
   </trkpt>
   <trkpt lat="49.28408" lon="-122.93699000000001">
    <ele>267.36</ele>
   </trkpt>
   <trkpt lat="49.28401" lon="-122.93657">
    <ele>273.96000000000004</ele>
   </trkpt>
   <trkpt lat="49.283820000000006" lon="-122.93608">
    <ele>278.52000000000004</ele>
   </trkpt>
   <trkpt lat="49.283550000000005" lon="-122.93572">
    <ele>286.02</ele>
   </trkpt>
   <trkpt lat="49.28351000000001" lon="-122.93559">
    <ele>287.74000000000007</ele>
   </trkpt>
   <trkpt lat="49.28352" lon="-122.93523">
    <ele>292.89000000000004</ele>
   </trkpt>
   <trkpt lat="49.28347" lon="-122.93532">
    <ele>292.89000000000004</ele>
   </trkpt>
   <trkpt lat="49.28342000000001" lon="-122.93532">
    <ele>293.24</ele>
   </trkpt>
   <trkpt lat="49.28341" lon="-122.93527000000002">
    <ele>293.24</ele>
   </trkpt>
   <trkpt lat="49.28323" lon="-122.93523">
    <ele>293.25</ele>
   </trkpt>
   <trkpt lat="49.28316" lon="-122.93519">
    <ele>293.28000000000003</ele>
   </trkpt>
   <trkpt lat="49.283030000000004" lon="-122.93500000000002">
    <ele>293.51000000000005</ele>
   </trkpt>
   <trkpt lat="49.282990000000005" lon="-122.93497">
    <ele>293.51000000000005</ele>
   </trkpt>
   <trkpt lat="49.28295000000001" lon="-122.93501">
    <ele>293.51000000000005</ele>
   </trkpt>
   <trkpt lat="49.28291" lon="-122.93500000000002">
    <ele>293.79</ele>
   </trkpt>
   <trkpt lat="49.282880000000006" lon="-122.93501">
    <ele>293.79</ele>
   </trkpt>
   <trkpt lat="49.28284000000001" lon="-122.93500000000002">
    <ele>293.79</ele>
   </trkpt>
   <trkpt lat="49.282680000000006" lon="-122.93478">
    <ele>294.27000000000004</ele>
   </trkpt>
   <trkpt lat="49.28267" lon="-122.93472000000001">
    <ele>294.54</ele>
   </trkpt>
   <trkpt lat="49.282560000000004" lon="-122.93474">
    <ele>294.59000000000003</ele>
   </trkpt>
   <trkpt lat="49.282030000000006" lon="-122.93474">
    <ele>295.28999999999996</ele>
   </trkpt>
   <trkpt lat="49.28159" lon="-122.93486000000001">
    <ele>297.02</ele>
   </trkpt>
   <trkpt lat="49.281310000000005" lon="-122.93501">
    <ele>298.44000000000005</ele>
   </trkpt>
   <trkpt lat="49.281090000000006" lon="-122.93505">
    <ele>299.16</ele>
   </trkpt>
   <trkpt lat="49.280800000000006" lon="-122.93502000000001">
    <ele>300.24</ele>
   </trkpt>
   <trkpt lat="49.2807" lon="-122.93497">
    <ele>300.71000000000004</ele>
   </trkpt>
   <trkpt lat="49.280660000000005" lon="-122.93493000000001">
    <ele>301.71000000000004</ele>
   </trkpt>
   <trkpt lat="49.280620000000006" lon="-122.93483">
    <ele>302.24</ele>
   </trkpt>
   <trkpt lat="49.280590000000004" lon="-122.9346">
    <ele>304.49</ele>
   </trkpt>
   <trkpt lat="49.28067" lon="-122.93429">
    <ele>306.01</ele>
   </trkpt>
   <trkpt lat="49.28087000000001" lon="-122.93402">
    <ele>308.94000000000005</ele>
   </trkpt>
   <trkpt lat="49.281000000000006" lon="-122.93389">
    <ele>310.98</ele>
   </trkpt>
   <trkpt lat="49.281060000000004" lon="-122.93385">
    <ele>311.45</ele>
   </trkpt>
   <trkpt lat="49.28112" lon="-122.93384">
    <ele>311.45</ele>
   </trkpt>
   <trkpt lat="49.28116000000001" lon="-122.93388000000002">
    <ele>312.29</ele>
   </trkpt>
   <trkpt lat="49.281240000000004" lon="-122.93372000000001">
    <ele>313.02000000000004</ele>
   </trkpt>
   <trkpt lat="49.281240000000004" lon="-122.93348">
    <ele>314.42</ele>
   </trkpt>
   <trkpt lat="49.28121" lon="-122.93339000000002">
    <ele>314.61</ele>
   </trkpt>
   <trkpt lat="49.281240000000004" lon="-122.93348">
    <ele>314.42</ele>
   </trkpt>
   <trkpt lat="49.281240000000004" lon="-122.93372000000001">
    <ele>313.02000000000004</ele>
   </trkpt>
   <trkpt lat="49.28116000000001" lon="-122.93388000000002">
    <ele>312.29</ele>
   </trkpt>
   <trkpt lat="49.28112" lon="-122.93384">
    <ele>311.45</ele>
   </trkpt>
   <trkpt lat="49.281060000000004" lon="-122.93385">
    <ele>310.98</ele>
   </trkpt>
   <trkpt lat="49.281000000000006" lon="-122.93389">
    <ele>310.98</ele>
   </trkpt>
   <trkpt lat="49.28087000000001" lon="-122.93402">
    <ele>308.00000000000006</ele>
   </trkpt>
   <trkpt lat="49.28067" lon="-122.93429">
    <ele>306.01</ele>
   </trkpt>
   <trkpt lat="49.280590000000004" lon="-122.9346">
    <ele>304.49</ele>
   </trkpt>
   <trkpt lat="49.28047" lon="-122.93496">
    <ele>300.1</ele>
   </trkpt>
   <trkpt lat="49.280370000000005" lon="-122.93519">
    <ele>297.8</ele>
   </trkpt>
   <trkpt lat="49.28031000000001" lon="-122.93523">
    <ele>297.06000000000006</ele>
   </trkpt>
   <trkpt lat="49.280170000000005" lon="-122.93519">
    <ele>296.43</ele>
   </trkpt>
   <trkpt lat="49.279920000000004" lon="-122.93501">
    <ele>295.44000000000005</ele>
   </trkpt>
   <trkpt lat="49.27978" lon="-122.93492">
    <ele>295.06000000000006</ele>
   </trkpt>
   <trkpt lat="49.2794" lon="-122.93487">
    <ele>292.08</ele>
   </trkpt>
   <trkpt lat="49.27910000000001" lon="-122.93487">
    <ele>289.8</ele>
   </trkpt>
   <trkpt lat="49.27888" lon="-122.93474">
    <ele>286.45000000000005</ele>
   </trkpt>
   <trkpt lat="49.278740000000006" lon="-122.9347">
    <ele>284.51000000000005</ele>
   </trkpt>
   <trkpt lat="49.278710000000004" lon="-122.93473000000002">
    <ele>284.51000000000005</ele>
   </trkpt>
   <trkpt lat="49.2787" lon="-122.93487">
    <ele>283.44</ele>
   </trkpt>
   <trkpt lat="49.278740000000006" lon="-122.93506000000001">
    <ele>283.44</ele>
   </trkpt>
   <trkpt lat="49.278760000000005" lon="-122.93532">
    <ele>277.7</ele>
   </trkpt>
   <trkpt lat="49.2787" lon="-122.93576000000002">
    <ele>275.35</ele>
   </trkpt>
   <trkpt lat="49.278780000000005" lon="-122.93629000000001">
    <ele>271.03000000000003</ele>
   </trkpt>
   <trkpt lat="49.27891" lon="-122.93671">
    <ele>269.27</ele>
   </trkpt>
   <trkpt lat="49.27906" lon="-122.93689">
    <ele>268.76</ele>
   </trkpt>
   <trkpt lat="49.279180000000004" lon="-122.93693">
    <ele>268.19000000000005</ele>
   </trkpt>
   <trkpt lat="49.27947" lon="-122.93717000000001">
    <ele>266.11</ele>
   </trkpt>
   <trkpt lat="49.27978" lon="-122.93735000000001">
    <ele>263.97</ele>
   </trkpt>
   <trkpt lat="49.27985" lon="-122.93742">
    <ele>263.25000000000006</ele>
   </trkpt>
   <trkpt lat="49.279790000000006" lon="-122.93707">
    <ele>267.39</ele>
   </trkpt>
   <trkpt lat="49.27973" lon="-122.93648">
    <ele>280.79</ele>
   </trkpt>
   <trkpt lat="49.279720000000005" lon="-122.936">
    <ele>286.27000000000004</ele>
   </trkpt>
   <trkpt lat="49.279810000000005" lon="-122.93528">
    <ele>292.98</ele>
   </trkpt>
   <trkpt lat="49.27978" lon="-122.93492">
    <ele>295.06000000000006</ele>
   </trkpt>
   <trkpt lat="49.279920000000004" lon="-122.93501">
    <ele>295.78000000000003</ele>
   </trkpt>
   <trkpt lat="49.280170000000005" lon="-122.93519">
    <ele>296.59000000000003</ele>
   </trkpt>
   <trkpt lat="49.28031000000001" lon="-122.93523">
    <ele>297.39000000000004</ele>
   </trkpt>
   <trkpt lat="49.280370000000005" lon="-122.93519">
    <ele>298.29</ele>
   </trkpt>
   <trkpt lat="49.28047" lon="-122.93496">
    <ele>300.1</ele>
   </trkpt>
   <trkpt lat="49.280590000000004" lon="-122.9346">
    <ele>304.49</ele>
   </trkpt>
   <trkpt lat="49.28067" lon="-122.93429">
    <ele>306.42</ele>
   </trkpt>
   <trkpt lat="49.28042000000001" lon="-122.9338">
    <ele>311.83000000000004</ele>
   </trkpt>
   <trkpt lat="49.28031000000001" lon="-122.93334000000002">
    <ele>315.20000000000005</ele>
   </trkpt>
   <trkpt lat="49.28027" lon="-122.93294000000002">
    <ele>318.69</ele>
   </trkpt>
   <trkpt lat="49.27989" lon="-122.93399000000001">
    <ele>304.91</ele>
   </trkpt>
   <trkpt lat="49.27989" lon="-122.93398">
    <ele>304.91</ele>
   </trkpt>
   <trkpt lat="49.27984000000001" lon="-122.93417000000001">
    <ele>301.75</ele>
   </trkpt>
   <trkpt lat="49.27978" lon="-122.93492">
    <ele>295.06000000000006</ele>
   </trkpt>
   <trkpt lat="49.279920000000004" lon="-122.93501">
    <ele>295.78000000000003</ele>
   </trkpt>
   <trkpt lat="49.280170000000005" lon="-122.93519">
    <ele>296.59000000000003</ele>
   </trkpt>
   <trkpt lat="49.28031000000001" lon="-122.93523">
    <ele>297.39000000000004</ele>
   </trkpt>
   <trkpt lat="49.280370000000005" lon="-122.93519">
    <ele>297.8</ele>
   </trkpt>
   <trkpt lat="49.28047" lon="-122.93496">
    <ele>300.1</ele>
   </trkpt>
   <trkpt lat="49.280370000000005" lon="-122.93519">
    <ele>297.8</ele>
   </trkpt>
   <trkpt lat="49.28031000000001" lon="-122.93523">
    <ele>297.06000000000006</ele>
   </trkpt>
   <trkpt lat="49.280170000000005" lon="-122.93519">
    <ele>296.43</ele>
   </trkpt>
   <trkpt lat="49.279920000000004" lon="-122.93501">
    <ele>295.44000000000005</ele>
   </trkpt>
   <trkpt lat="49.27978" lon="-122.93492">
    <ele>295.06000000000006</ele>
   </trkpt>
   <trkpt lat="49.27984000000001" lon="-122.93417000000001">
    <ele>305.01</ele>
   </trkpt>
   <trkpt lat="49.279900000000005" lon="-122.93398">
    <ele>305.01</ele>
   </trkpt>
   <trkpt lat="49.279860000000006" lon="-122.9338">
    <ele>306.33000000000004</ele>
   </trkpt>
   <trkpt lat="49.27975000000001" lon="-122.93353">
    <ele>307.44000000000005</ele>
   </trkpt>
   <trkpt lat="49.279740000000004" lon="-122.93325000000002">
    <ele>307.55</ele>
   </trkpt>
   <trkpt lat="49.279740000000004" lon="-122.93326">
    <ele>307.55</ele>
   </trkpt>
   <trkpt lat="49.279740000000004" lon="-122.93321000000002">
    <ele>307.57</ele>
   </trkpt>
   <trkpt lat="49.27969" lon="-122.93308">
    <ele>307.17</ele>
   </trkpt>
   <trkpt lat="49.279720000000005" lon="-122.9329">
    <ele>305.19</ele>
   </trkpt>
   <trkpt lat="49.279680000000006" lon="-122.93279000000001">
    <ele>303.53000000000003</ele>
   </trkpt>
   <trkpt lat="49.27969" lon="-122.93278000000001">
    <ele>308.31</ele>
   </trkpt>
   <trkpt lat="49.27955000000001" lon="-122.93278000000001">
    <ele>306.71000000000004</ele>
   </trkpt>
   <trkpt lat="49.279610000000005" lon="-122.93278000000001">
    <ele>302.69</ele>
   </trkpt>
   <trkpt lat="49.279230000000005" lon="-122.93309">
    <ele>301.94000000000005</ele>
   </trkpt>
   <trkpt lat="49.279160000000005" lon="-122.93303000000002">
    <ele>301.94000000000005</ele>
   </trkpt>
   <trkpt lat="49.27917" lon="-122.93304">
    <ele>301.94000000000005</ele>
   </trkpt>
   <trkpt lat="49.27931" lon="-122.93286">
    <ele>302.66</ele>
   </trkpt>
   <trkpt lat="49.27953" lon="-122.93232">
    <ele>306.12</ele>
   </trkpt>
   <trkpt lat="49.279700000000005" lon="-122.93174">
    <ele>309.63</ele>
   </trkpt>
   <trkpt lat="49.27976" lon="-122.93156">
    <ele>309.6</ele>
   </trkpt>
   <trkpt lat="49.28" lon="-122.93097000000002">
    <ele>319.55</ele>
   </trkpt>
   <trkpt lat="49.28" lon="-122.93098">
    <ele>319.47</ele>
   </trkpt>
   <trkpt lat="49.280100000000004" lon="-122.93076">
    <ele>321.90000000000003</ele>
   </trkpt>
   <trkpt lat="49.28009" lon="-122.93049">
    <ele>322.52000000000004</ele>
   </trkpt>
   <trkpt lat="49.28007" lon="-122.93039000000002">
    <ele>322.57</ele>
   </trkpt>
   <trkpt lat="49.28002000000001" lon="-122.93027000000001">
    <ele>322.54</ele>
   </trkpt>
   <trkpt lat="49.27994" lon="-122.92973">
    <ele>321.24</ele>
   </trkpt>
   <trkpt lat="49.2798" lon="-122.92972">
    <ele>323.08000000000004</ele>
   </trkpt>
   <trkpt lat="49.27985" lon="-122.92941">
    <ele>323.05</ele>
   </trkpt>
   <trkpt lat="49.279880000000006" lon="-122.92905">
    <ele>326.27</ele>
   </trkpt>
   <trkpt lat="49.279880000000006" lon="-122.92878">
    <ele>326.39</ele>
   </trkpt>
   <trkpt lat="49.279880000000006" lon="-122.92879">
    <ele>326.39</ele>
   </trkpt>
   <trkpt lat="49.27989" lon="-122.92874">
    <ele>326.39</ele>
   </trkpt>
   <trkpt lat="49.27993000000001" lon="-122.92866000000001">
    <ele>326.92</ele>
   </trkpt>
   <trkpt lat="49.2807" lon="-122.92839000000001">
    <ele>334.25000000000006</ele>
   </trkpt>
   <trkpt lat="49.280800000000006" lon="-122.92838">
    <ele>334.21</ele>
   </trkpt>
   <trkpt lat="49.28089000000001" lon="-122.92829">
    <ele>333.91</ele>
   </trkpt>
   <trkpt lat="49.28097" lon="-122.9282">
    <ele>333.53000000000003</ele>
   </trkpt>
   <trkpt lat="49.28103" lon="-122.92807">
    <ele>333.03000000000003</ele>
   </trkpt>
   <trkpt lat="49.28107000000001" lon="-122.92790000000001">
    <ele>331.84000000000003</ele>
   </trkpt>
   <trkpt lat="49.281090000000006" lon="-122.92753">
    <ele>330.16</ele>
   </trkpt>
   <trkpt lat="49.28112" lon="-122.92748000000002">
    <ele>329.90000000000003</ele>
   </trkpt>
   <trkpt lat="49.28119" lon="-122.92744">
    <ele>329.69000000000005</ele>
   </trkpt>
   <trkpt lat="49.28137" lon="-122.92748000000002">
    <ele>329.27</ele>
   </trkpt>
   <trkpt lat="49.281400000000005" lon="-122.92721000000002">
    <ele>329.93</ele>
   </trkpt>
   <trkpt lat="49.28144" lon="-122.92642000000001">
    <ele>331.6</ele>
   </trkpt>
   <trkpt lat="49.281310000000005" lon="-122.92525">
    <ele>333.15</ele>
   </trkpt>
   <trkpt lat="49.281220000000005" lon="-122.92467">
    <ele>333.73</ele>
   </trkpt>
   <trkpt lat="49.281075002364354" lon="-122.92392999783254">
    <ele>334.13000000000005</ele>
   </trkpt>
   <trkpt lat="49.280930000000005" lon="-122.92319">
    <ele>334.65</ele>
   </trkpt>
   <trkpt lat="49.280750000000005" lon="-122.92269000000002">
    <ele>334.94</ele>
   </trkpt>
   <trkpt lat="49.28054" lon="-122.9222">
    <ele>335.24</ele>
   </trkpt>
   <trkpt lat="49.280460000000005" lon="-122.92187000000001">
    <ele>335.36</ele>
   </trkpt>
   <trkpt lat="49.280340002734775" lon="-122.92107499811704">
    <ele>335.65</ele>
   </trkpt>
   <trkpt lat="49.28022000000001" lon="-122.92028">
    <ele>336.47</ele>
   </trkpt>
   <trkpt lat="49.280100000000004" lon="-122.92032">
    <ele>336.67</ele>
   </trkpt>
   <trkpt lat="49.280080000000005" lon="-122.92028">
    <ele>336.83</ele>
   </trkpt>
   <trkpt lat="49.279970000000006" lon="-122.92032">
    <ele>337.03000000000003</ele>
   </trkpt>
   <trkpt lat="49.27973" lon="-122.92055">
    <ele>337.64000000000004</ele>
   </trkpt>
   <trkpt lat="49.279700000000005" lon="-122.92055">
    <ele>337.74</ele>
   </trkpt>
   <trkpt lat="49.27969" lon="-122.9205">
    <ele>337.84000000000003</ele>
   </trkpt>
   <trkpt lat="49.279360000000004" lon="-122.92060000000001">
    <ele>337.88</ele>
   </trkpt>
   <trkpt lat="49.27935" lon="-122.92069000000001">
    <ele>337.67</ele>
   </trkpt>
   <trkpt lat="49.27931" lon="-122.92068">
    <ele>337.67</ele>
   </trkpt>
   <trkpt lat="49.27926" lon="-122.92069000000001">
    <ele>337.28000000000003</ele>
   </trkpt>
   <trkpt lat="49.278850000000006" lon="-122.92060000000001">
    <ele>335.67</ele>
   </trkpt>
   <trkpt lat="49.278380000000006" lon="-122.92081">
    <ele>332.29</ele>
   </trkpt>
   <trkpt lat="49.27832" lon="-122.92085000000002">
    <ele>331.99</ele>
   </trkpt>
   <trkpt lat="49.278240000000004" lon="-122.92086">
    <ele>331.8</ele>
   </trkpt>
   <trkpt lat="49.27808" lon="-122.92095">
    <ele>330.42</ele>
   </trkpt>
   <trkpt lat="49.27803" lon="-122.92103000000002">
    <ele>330.27</ele>
   </trkpt>
   <trkpt lat="49.27792" lon="-122.92076000000002">
    <ele>330.15000000000003</ele>
   </trkpt>
   <trkpt lat="49.277820000000006" lon="-122.92089000000001">
    <ele>329.92</ele>
   </trkpt>
   <trkpt lat="49.27769000000001" lon="-122.92099">
    <ele>328.8</ele>
   </trkpt>
   <trkpt lat="49.27760000000001" lon="-122.92099">
    <ele>328.16</ele>
   </trkpt>
   <trkpt lat="49.277590000000004" lon="-122.92126">
    <ele>326.74</ele>
   </trkpt>
   <trkpt lat="49.277530000000006" lon="-122.92145000000001">
    <ele>325.12</ele>
   </trkpt>
   <trkpt lat="49.277590000000004" lon="-122.92126">
    <ele>326.74</ele>
   </trkpt>
   <trkpt lat="49.27760000000001" lon="-122.92099">
    <ele>328.16</ele>
   </trkpt>
   <trkpt lat="49.27769000000001" lon="-122.92099">
    <ele>328.8</ele>
   </trkpt>
   <trkpt lat="49.277820000000006" lon="-122.92089000000001">
    <ele>329.62</ele>
   </trkpt>
   <trkpt lat="49.27792" lon="-122.92076000000002">
    <ele>330.15000000000003</ele>
   </trkpt>
   <trkpt lat="49.27803" lon="-122.92103000000002">
    <ele>330.27</ele>
   </trkpt>
   <trkpt lat="49.27808" lon="-122.92095">
    <ele>330.42</ele>
   </trkpt>
   <trkpt lat="49.278240000000004" lon="-122.92086">
    <ele>331.8</ele>
   </trkpt>
   <trkpt lat="49.27832" lon="-122.92085000000002">
    <ele>331.99</ele>
   </trkpt>
   <trkpt lat="49.278380000000006" lon="-122.92081">
    <ele>332.29</ele>
   </trkpt>
   <trkpt lat="49.278850000000006" lon="-122.92060000000001">
    <ele>335.67</ele>
   </trkpt>
   <trkpt lat="49.27926" lon="-122.92069000000001">
    <ele>337.28000000000003</ele>
   </trkpt>
   <trkpt lat="49.27931" lon="-122.92068">
    <ele>337.67</ele>
   </trkpt>
   <trkpt lat="49.27935" lon="-122.92069000000001">
    <ele>337.67</ele>
   </trkpt>
   <trkpt lat="49.279360000000004" lon="-122.92060000000001">
    <ele>337.88</ele>
   </trkpt>
   <trkpt lat="49.279790000000006" lon="-122.92046">
    <ele>337.38</ele>
   </trkpt>
   <trkpt lat="49.280060000000006" lon="-122.92019">
    <ele>336.9200000000001</ele>
   </trkpt>
   <trkpt lat="49.280100000000004" lon="-122.92032">
    <ele>336.67</ele>
   </trkpt>
   <trkpt lat="49.28022000000001" lon="-122.92028">
    <ele>336.47</ele>
   </trkpt>
   <trkpt lat="49.280350000000006" lon="-122.92108">
    <ele>335.65</ele>
   </trkpt>
   <trkpt lat="49.28040000000001" lon="-122.92099">
    <ele>334.26</ele>
   </trkpt>
   <trkpt lat="49.280440000000006" lon="-122.92086">
    <ele>333.05</ele>
   </trkpt>
   <trkpt lat="49.28041" lon="-122.92032">
    <ele>330.02000000000004</ele>
   </trkpt>
   <trkpt lat="49.28042000000001" lon="-122.92011000000001">
    <ele>328.33</ele>
   </trkpt>
   <trkpt lat="49.28047" lon="-122.9201">
    <ele>326.69000000000005</ele>
   </trkpt>
   <trkpt lat="49.280570000000004" lon="-122.92014">
    <ele>323.88</ele>
   </trkpt>
   <trkpt lat="49.280590000000004" lon="-122.92011000000001">
    <ele>323.88</ele>
   </trkpt>
   <trkpt lat="49.28054" lon="-122.91992">
    <ele>321.58000000000004</ele>
   </trkpt>
   <trkpt lat="49.28060000000001" lon="-122.91974">
    <ele>320.90000000000003</ele>
   </trkpt>
   <trkpt lat="49.280620000000006" lon="-122.91961">
    <ele>320.59000000000003</ele>
   </trkpt>
   <trkpt lat="49.28072" lon="-122.91925">
    <ele>319.15000000000003</ele>
   </trkpt>
   <trkpt lat="49.28079" lon="-122.91881000000001">
    <ele>318.35</ele>
   </trkpt>
   <trkpt lat="49.281180000000006" lon="-122.91777">
    <ele>314.91</ele>
   </trkpt>
   <trkpt lat="49.281400000000005" lon="-122.91732">
    <ele>308.84</ele>
   </trkpt>
   <trkpt lat="49.281510000000004" lon="-122.91687">
    <ele>307.04</ele>
   </trkpt>
   <trkpt lat="49.281560000000006" lon="-122.91634">
    <ele>307.53000000000003</ele>
   </trkpt>
   <trkpt lat="49.28152000000001" lon="-122.91607">
    <ele>307.65000000000003</ele>
   </trkpt>
   <trkpt lat="49.28154000000001" lon="-122.91589">
    <ele>307.63</ele>
   </trkpt>
   <trkpt lat="49.28168" lon="-122.91558">
    <ele>304.68</ele>
   </trkpt>
   <trkpt lat="49.281800000000004" lon="-122.91482">
    <ele>301.05</ele>
   </trkpt>
   <trkpt lat="49.28192000000001" lon="-122.9145">
    <ele>296.54</ele>
   </trkpt>
   <trkpt lat="49.28191" lon="-122.91452000000001">
    <ele>296.65000000000003</ele>
   </trkpt>
   <trkpt lat="49.28199000000001" lon="-122.91432">
    <ele>294.18</ele>
   </trkpt>
   <trkpt lat="49.28208" lon="-122.91388">
    <ele>289.32</ele>
   </trkpt>
   <trkpt lat="49.28210000000001" lon="-122.91369000000002">
    <ele>287.3</ele>
   </trkpt>
   <trkpt lat="49.28226" lon="-122.91312">
    <ele>281.32</ele>
   </trkpt>
   <trkpt lat="49.28229" lon="-122.91286000000001">
    <ele>279.77000000000004</ele>
   </trkpt>
   <trkpt lat="49.28228000000001" lon="-122.91248000000002">
    <ele>280.33000000000004</ele>
   </trkpt>
   <trkpt lat="49.282230000000006" lon="-122.91230000000002">
    <ele>281.14</ele>
   </trkpt>
   <trkpt lat="49.28215" lon="-122.91213">
    <ele>283.13000000000005</ele>
   </trkpt>
   <trkpt lat="49.282050000000005" lon="-122.91205000000001">
    <ele>284.33000000000004</ele>
   </trkpt>
   <trkpt lat="49.28182" lon="-122.91209">
    <ele>285.40999999999997</ele>
   </trkpt>
   <trkpt lat="49.281740000000006" lon="-122.91204">
    <ele>286.37</ele>
   </trkpt>
   <trkpt lat="49.28177" lon="-122.91146">
    <ele>287.74000000000007</ele>
   </trkpt>
   <trkpt lat="49.281620000000004" lon="-122.91128">
    <ele>289.78000000000003</ele>
   </trkpt>
   <trkpt lat="49.281580000000005" lon="-122.91111000000001">
    <ele>290.99</ele>
   </trkpt>
   <trkpt lat="49.28175" lon="-122.91085000000001">
    <ele>295.25</ele>
   </trkpt>
   <trkpt lat="49.281740000000006" lon="-122.91087000000002">
    <ele>295.15000000000003</ele>
   </trkpt>
   <trkpt lat="49.28190000000001" lon="-122.91038">
    <ele>298.45000000000005</ele>
   </trkpt>
   <trkpt lat="49.28206" lon="-122.91007">
    <ele>295.98</ele>
   </trkpt>
   <trkpt lat="49.28211" lon="-122.90985">
    <ele>294.25</ele>
   </trkpt>
   <trkpt lat="49.28215" lon="-122.90977000000001">
    <ele>292.48</ele>
   </trkpt>
   <trkpt lat="49.28235" lon="-122.90959000000001">
    <ele>287.89000000000004</ele>
   </trkpt>
   <trkpt lat="49.28247" lon="-122.90944">
    <ele>286.33000000000004</ele>
   </trkpt>
   <trkpt lat="49.282790000000006" lon="-122.90896000000001">
    <ele>284.37</ele>
   </trkpt>
   <trkpt lat="49.28285" lon="-122.90877">
    <ele>284.14</ele>
   </trkpt>
   <trkpt lat="49.28287" lon="-122.90859">
    <ele>283.62</ele>
   </trkpt>
   <trkpt lat="49.28287" lon="-122.90838000000001">
    <ele>283.19</ele>
   </trkpt>
   <trkpt lat="49.282740000000004" lon="-122.90765">
    <ele>280.52000000000004</ele>
   </trkpt>
   <trkpt lat="49.282630000000005" lon="-122.9073">
    <ele>278.81</ele>
   </trkpt>
   <trkpt lat="49.282560000000004" lon="-122.90689">
    <ele>277.53</ele>
   </trkpt>
   <trkpt lat="49.28249" lon="-122.90668000000001">
    <ele>277.31</ele>
   </trkpt>
   <trkpt lat="49.28233" lon="-122.90635">
    <ele>277.51000000000005</ele>
   </trkpt>
   <trkpt lat="49.28231" lon="-122.90602000000001">
    <ele>272.82</ele>
   </trkpt>
   <trkpt lat="49.28233" lon="-122.90635">
    <ele>277.51000000000005</ele>
   </trkpt>
   <trkpt lat="49.28229" lon="-122.90659000000001">
    <ele>279.80000000000007</ele>
   </trkpt>
   <trkpt lat="49.282320000000006" lon="-122.9073">
    <ele>291.71000000000004</ele>
   </trkpt>
   <trkpt lat="49.282230000000006" lon="-122.90797">
    <ele>303.13</ele>
   </trkpt>
   <trkpt lat="49.28208" lon="-122.90836000000002">
    <ele>309.49</ele>
   </trkpt>
   <trkpt lat="49.28191" lon="-122.90868">
    <ele>312.4</ele>
   </trkpt>
   <trkpt lat="49.281740000000006" lon="-122.90873">
    <ele>317.87000000000006</ele>
   </trkpt>
   <trkpt lat="49.28161" lon="-122.90895">
    <ele>324.24</ele>
   </trkpt>
   <trkpt lat="49.28116000000001" lon="-122.9094">
    <ele>336.28000000000003</ele>
   </trkpt>
   <trkpt lat="49.281020000000005" lon="-122.90957000000002">
    <ele>339.22</ele>
   </trkpt>
   <trkpt lat="49.28116000000001" lon="-122.9094">
    <ele>336.28000000000003</ele>
   </trkpt>
   <trkpt lat="49.28161" lon="-122.90895">
    <ele>320.05</ele>
   </trkpt>
   <trkpt lat="49.281740000000006" lon="-122.90873">
    <ele>317.87000000000006</ele>
   </trkpt>
   <trkpt lat="49.28191" lon="-122.90868">
    <ele>312.4</ele>
   </trkpt>
   <trkpt lat="49.28208" lon="-122.90836000000002">
    <ele>309.49</ele>
   </trkpt>
   <trkpt lat="49.282230000000006" lon="-122.90797">
    <ele>303.13</ele>
   </trkpt>
   <trkpt lat="49.282320000000006" lon="-122.9073">
    <ele>291.71000000000004</ele>
   </trkpt>
   <trkpt lat="49.28229" lon="-122.90659000000001">
    <ele>279.80000000000007</ele>
   </trkpt>
   <trkpt lat="49.28233" lon="-122.90635">
    <ele>277.51000000000005</ele>
   </trkpt>
   <trkpt lat="49.282300000000006" lon="-122.90569">
    <ele>268.01000000000005</ele>
   </trkpt>
   <trkpt lat="49.28224" lon="-122.90559">
    <ele>265.28000000000003</ele>
   </trkpt>
   <trkpt lat="49.28211" lon="-122.90551">
    <ele>261.90000000000003</ele>
   </trkpt>
   <trkpt lat="49.282090000000004" lon="-122.90541">
    <ele>261.90000000000003</ele>
   </trkpt>
   <trkpt lat="49.28211" lon="-122.90528">
    <ele>261.90000000000003</ele>
   </trkpt>
   <trkpt lat="49.282180000000004" lon="-122.90506">
    <ele>257.67</ele>
   </trkpt>
   <trkpt lat="49.28219000000001" lon="-122.90493000000001">
    <ele>256.29</ele>
   </trkpt>
   <trkpt lat="49.28217" lon="-122.90483">
    <ele>255.19000000000003</ele>
   </trkpt>
   <trkpt lat="49.28210000000001" lon="-122.90479">
    <ele>254.74</ele>
   </trkpt>
   <trkpt lat="49.28206" lon="-122.90475">
    <ele>253.89</ele>
   </trkpt>
   <trkpt lat="49.282160000000005" lon="-122.90438">
    <ele>250.76999999999998</ele>
   </trkpt>
   <trkpt lat="49.282050000000005" lon="-122.90377000000001">
    <ele>247.13000000000002</ele>
   </trkpt>
   <trkpt lat="49.281890000000004" lon="-122.90313">
    <ele>242.17000000000002</ele>
   </trkpt>
   <trkpt lat="49.28161" lon="-122.90223">
    <ele>237.39000000000001</ele>
   </trkpt>
   <trkpt lat="49.28144500188049" lon="-122.90155999752936">
    <ele>232.26000000000002</ele>
   </trkpt>
   <trkpt lat="49.28128" lon="-122.90089">
    <ele>227.47</ele>
   </trkpt>
   <trkpt lat="49.280950000000004" lon="-122.89996000000001">
    <ele>218.52</ele>
   </trkpt>
   <trkpt lat="49.28072" lon="-122.89941">
    <ele>214.81000000000003</ele>
   </trkpt>
  </trkseg>
 </trk>
</gpx>
