<?xml version="1.0" encoding="UTF-8"?>
<gpx creator="StravaGPX" version="1.1" xmlns="http://www.topografix.com/GPX/1/1" xmlns:xsi="http://www.w3.org/2001/XMLSchema-instance" xsi:schemaLocation="http://www.topografix.com/GPX/1/1 http://www.topografix.com/GPX/1/1/gpx.xsd">
 <metadata>
  <name>Burnaby Mountain Spiral of Doom</name>
  <author>
   <name>Jim Wright</name>
   <link href="https://www.strava.com/athletes/68649344"/>
  </author>
  <copyright author="OpenStreetMap contributors">
   <year>2020</year>
   <license>https://www.openstreetmap.org/copyright</license>
  </copyright>
  <link href="https://www.strava.com/routes/3496012891606885288"/>
 </metadata>
 <trk>
  <name>Burnaby Mountain Spiral of Doom</name>
  <link href="https://www.strava.com/routes/3496012891606885288"/>
  <type>running</type>
  <trkseg>
   <trkpt lat="49.270430000000005" lon="-122.89349000000001">
    <ele>124.84</ele>
   </trkpt>
   <trkpt lat="49.27042" lon="-122.89383000000001">
    <ele>124.86000000000001</ele>
   </trkpt>
   <trkpt lat="49.270360000000004" lon="-122.89417000000002">
    <ele>124.41000000000001</ele>
   </trkpt>
   <trkpt lat="49.270270000000004" lon="-122.89448000000002">
    <ele>123.97000000000001</ele>
   </trkpt>
   <trkpt lat="49.270300000000006" lon="-122.8944">
    <ele>124.55000000000001</ele>
   </trkpt>
   <trkpt lat="49.27037000000001" lon="-122.89431">
    <ele>124.88</ele>
   </trkpt>
   <trkpt lat="49.27046000000001" lon="-122.89428000000001">
    <ele>125.61</ele>
   </trkpt>
   <trkpt lat="49.270700000000005" lon="-122.89444">
    <ele>127.56</ele>
   </trkpt>
   <trkpt lat="49.270900000000005" lon="-122.89449">
    <ele>129.99</ele>
   </trkpt>
   <trkpt lat="49.27134" lon="-122.89494">
    <ele>133.22</ele>
   </trkpt>
   <trkpt lat="49.271840000000005" lon="-122.89503">
    <ele>138.32</ele>
   </trkpt>
   <trkpt lat="49.27194" lon="-122.89499">
    <ele>139.13</ele>
   </trkpt>
   <trkpt lat="49.27207000000001" lon="-122.89486000000001">
    <ele>140.21</ele>
   </trkpt>
   <trkpt lat="49.27215" lon="-122.89485">
    <ele>141.45000000000002</ele>
   </trkpt>
   <trkpt lat="49.272270000000006" lon="-122.89486000000001">
    <ele>142.23000000000002</ele>
   </trkpt>
   <trkpt lat="49.272400000000005" lon="-122.89499">
    <ele>143.98000000000002</ele>
   </trkpt>
   <trkpt lat="49.27266" lon="-122.89499">
    <ele>145.02</ele>
   </trkpt>
   <trkpt lat="49.27286" lon="-122.89494">
    <ele>146.16</ele>
   </trkpt>
   <trkpt lat="49.27310000000001" lon="-122.8948">
    <ele>147.19000000000003</ele>
   </trkpt>
   <trkpt lat="49.273210000000006" lon="-122.89476">
    <ele>148.04</ele>
   </trkpt>
   <trkpt lat="49.27338" lon="-122.89485">
    <ele>148.04</ele>
   </trkpt>
   <trkpt lat="49.27353" lon="-122.89498">
    <ele>149.26</ele>
   </trkpt>
   <trkpt lat="49.273830000000004" lon="-122.89509000000001">
    <ele>150.08</ele>
   </trkpt>
   <trkpt lat="49.27396" lon="-122.89521">
    <ele>150.39000000000001</ele>
   </trkpt>
   <trkpt lat="49.27449000000001" lon="-122.89526000000001">
    <ele>153.4</ele>
   </trkpt>
   <trkpt lat="49.27476" lon="-122.89534">
    <ele>155.37</ele>
   </trkpt>
   <trkpt lat="49.27501" lon="-122.89532000000001">
    <ele>156.21</ele>
   </trkpt>
   <trkpt lat="49.27552000000001" lon="-122.89504000000001">
    <ele>155.89</ele>
   </trkpt>
   <trkpt lat="49.275780000000005" lon="-122.8948">
    <ele>156.02</ele>
   </trkpt>
   <trkpt lat="49.27601000000001" lon="-122.89462">
    <ele>156.26000000000002</ele>
   </trkpt>
   <trkpt lat="49.27606" lon="-122.89451000000001">
    <ele>156.11</ele>
   </trkpt>
   <trkpt lat="49.27606" lon="-122.89435000000002">
    <ele>155.78</ele>
   </trkpt>
   <trkpt lat="49.27609" lon="-122.89427">
    <ele>155.78</ele>
   </trkpt>
   <trkpt lat="49.27617000000001" lon="-122.89417000000002">
    <ele>155.07000000000002</ele>
   </trkpt>
   <trkpt lat="49.27624" lon="-122.89389000000001">
    <ele>154.33</ele>
   </trkpt>
   <trkpt lat="49.2762" lon="-122.89371000000001">
    <ele>154.07000000000002</ele>
   </trkpt>
   <trkpt lat="49.27658" lon="-122.89372000000002">
    <ele>155.58</ele>
   </trkpt>
   <trkpt lat="49.2766" lon="-122.89395">
    <ele>156.62</ele>
   </trkpt>
   <trkpt lat="49.27653" lon="-122.89404">
    <ele>157.13000000000002</ele>
   </trkpt>
   <trkpt lat="49.27651" lon="-122.89414000000001">
    <ele>157.35000000000002</ele>
   </trkpt>
   <trkpt lat="49.27657000000001" lon="-122.89427">
    <ele>157.95000000000002</ele>
   </trkpt>
   <trkpt lat="49.2766" lon="-122.89427">
    <ele>158.19000000000003</ele>
   </trkpt>
   <trkpt lat="49.27662" lon="-122.89432000000001">
    <ele>158.46</ele>
   </trkpt>
   <trkpt lat="49.27673" lon="-122.8944">
    <ele>159.67000000000002</ele>
   </trkpt>
   <trkpt lat="49.276860000000006" lon="-122.89462">
    <ele>160.73000000000002</ele>
   </trkpt>
   <trkpt lat="49.27704000000001" lon="-122.89462">
    <ele>161.01000000000002</ele>
   </trkpt>
   <trkpt lat="49.27731000000001" lon="-122.89476">
    <ele>163.22</ele>
   </trkpt>
   <trkpt lat="49.277660000000004" lon="-122.89472">
    <ele>163.8</ele>
   </trkpt>
   <trkpt lat="49.2779" lon="-122.89467">
    <ele>163.23000000000002</ele>
   </trkpt>
   <trkpt lat="49.27808" lon="-122.89457000000002">
    <ele>163.13000000000002</ele>
   </trkpt>
   <trkpt lat="49.278200000000005" lon="-122.89453">
    <ele>163.63000000000002</ele>
   </trkpt>
   <trkpt lat="49.278420000000004" lon="-122.89462">
    <ele>165.13000000000002</ele>
   </trkpt>
   <trkpt lat="49.27864" lon="-122.89485">
    <ele>167.25</ele>
   </trkpt>
   <trkpt lat="49.27873" lon="-122.89489">
    <ele>167.35000000000002</ele>
   </trkpt>
   <trkpt lat="49.278830000000006" lon="-122.89489">
    <ele>167.26000000000002</ele>
   </trkpt>
   <trkpt lat="49.27933" lon="-122.89476">
    <ele>165.41</ele>
   </trkpt>
   <trkpt lat="49.27949" lon="-122.89477000000001">
    <ele>166.0</ele>
   </trkpt>
   <trkpt lat="49.27957000000001" lon="-122.89485">
    <ele>166.41</ele>
   </trkpt>
   <trkpt lat="49.279740000000004" lon="-122.89512">
    <ele>169.11</ele>
   </trkpt>
   <trkpt lat="49.27984000000001" lon="-122.89520000000002">
    <ele>169.55</ele>
   </trkpt>
   <trkpt lat="49.280010000000004" lon="-122.89525">
    <ele>169.58</ele>
   </trkpt>
   <trkpt lat="49.280080000000005" lon="-122.89531000000001">
    <ele>170.11</ele>
   </trkpt>
   <trkpt lat="49.28016" lon="-122.89551000000002">
    <ele>171.75</ele>
   </trkpt>
   <trkpt lat="49.28023" lon="-122.89574">
    <ele>174.19</ele>
   </trkpt>
   <trkpt lat="49.280330000000006" lon="-122.89589000000001">
    <ele>174.42000000000002</ele>
   </trkpt>
   <trkpt lat="49.28045" lon="-122.89597">
    <ele>173.44</ele>
   </trkpt>
   <trkpt lat="49.28079" lon="-122.89607000000001">
    <ele>169.73000000000002</ele>
   </trkpt>
   <trkpt lat="49.280950000000004" lon="-122.89601">
    <ele>167.61</ele>
   </trkpt>
   <trkpt lat="49.281000000000006" lon="-122.89588">
    <ele>165.3</ele>
   </trkpt>
   <trkpt lat="49.28098000000001" lon="-122.89538">
    <ele>160.32000000000002</ele>
   </trkpt>
   <trkpt lat="49.280860000000004" lon="-122.89484000000002">
    <ele>157.10000000000002</ele>
   </trkpt>
   <trkpt lat="49.2809" lon="-122.89467">
    <ele>155.22000000000003</ele>
   </trkpt>
   <trkpt lat="49.280950000000004" lon="-122.89458">
    <ele>153.36</ele>
   </trkpt>
   <trkpt lat="49.281000000000006" lon="-122.89453">
    <ele>151.23</ele>
   </trkpt>
   <trkpt lat="49.28105000000001" lon="-122.89454">
    <ele>151.23</ele>
   </trkpt>
   <trkpt lat="49.281150000000004" lon="-122.89463">
    <ele>148.6</ele>
   </trkpt>
   <trkpt lat="49.28135" lon="-122.89486000000001">
    <ele>148.23</ele>
   </trkpt>
   <trkpt lat="49.28157" lon="-122.89503">
    <ele>144.4</ele>
   </trkpt>
   <trkpt lat="49.28164" lon="-122.89512">
    <ele>143.58</ele>
   </trkpt>
   <trkpt lat="49.281740000000006" lon="-122.89529000000002">
    <ele>143.36</ele>
   </trkpt>
   <trkpt lat="49.281800000000004" lon="-122.89534">
    <ele>142.88</ele>
   </trkpt>
   <trkpt lat="49.282090000000004" lon="-122.89540000000001">
    <ele>136.02</ele>
   </trkpt>
   <trkpt lat="49.28217" lon="-122.89548">
    <ele>134.46</ele>
   </trkpt>
   <trkpt lat="49.282250000000005" lon="-122.89565">
    <ele>132.98999999999998</ele>
   </trkpt>
   <trkpt lat="49.282300000000006" lon="-122.89588">
    <ele>133.53</ele>
   </trkpt>
   <trkpt lat="49.28257000000001" lon="-122.89625000000001">
    <ele>131.28</ele>
   </trkpt>
   <trkpt lat="49.28273" lon="-122.89641">
    <ele>127.88000000000002</ele>
   </trkpt>
   <trkpt lat="49.28278" lon="-122.89655">
    <ele>126.94</ele>
   </trkpt>
   <trkpt lat="49.28285" lon="-122.89691">
    <ele>127.39</ele>
   </trkpt>
   <trkpt lat="49.283080000000005" lon="-122.8974">
    <ele>127.02000000000002</ele>
   </trkpt>
   <trkpt lat="49.28316" lon="-122.89786000000001">
    <ele>126.76</ele>
   </trkpt>
   <trkpt lat="49.283370000000005" lon="-122.89852">
    <ele>126.85000000000002</ele>
   </trkpt>
   <trkpt lat="49.283280000000005" lon="-122.89866">
    <ele>129.97</ele>
   </trkpt>
   <trkpt lat="49.283210000000004" lon="-122.8987">
    <ele>131.9</ele>
   </trkpt>
   <trkpt lat="49.28314" lon="-122.8987">
    <ele>132.77</ele>
   </trkpt>
   <trkpt lat="49.283030000000004" lon="-122.89851000000002">
    <ele>135.85</ele>
   </trkpt>
   <trkpt lat="49.28266000000001" lon="-122.89842000000002">
    <ele>143.32</ele>
   </trkpt>
   <trkpt lat="49.28255" lon="-122.89834">
    <ele>145.29</ele>
   </trkpt>
   <trkpt lat="49.28246000000001" lon="-122.89834">
    <ele>151.48</ele>
   </trkpt>
   <trkpt lat="49.28235" lon="-122.89825">
    <ele>151.48</ele>
   </trkpt>
   <trkpt lat="49.28231" lon="-122.89826000000001">
    <ele>152.47000000000003</ele>
   </trkpt>
   <trkpt lat="49.28229" lon="-122.89831000000001">
    <ele>153.4</ele>
   </trkpt>
   <trkpt lat="49.282270000000004" lon="-122.89853000000001">
    <ele>156.03</ele>
   </trkpt>
   <trkpt lat="49.28229" lon="-122.89831000000001">
    <ele>152.47000000000003</ele>
   </trkpt>
   <trkpt lat="49.28231" lon="-122.89826000000001">
    <ele>152.47000000000003</ele>
   </trkpt>
   <trkpt lat="49.28235" lon="-122.89825">
    <ele>152.47000000000003</ele>
   </trkpt>
   <trkpt lat="49.28246000000001" lon="-122.89834">
    <ele>145.29</ele>
   </trkpt>
   <trkpt lat="49.28255" lon="-122.89834">
    <ele>145.29</ele>
   </trkpt>
   <trkpt lat="49.28266000000001" lon="-122.89842000000002">
    <ele>143.32</ele>
   </trkpt>
   <trkpt lat="49.283030000000004" lon="-122.89851000000002">
    <ele>135.07000000000002</ele>
   </trkpt>
   <trkpt lat="49.28314" lon="-122.8987">
    <ele>132.77</ele>
   </trkpt>
   <trkpt lat="49.283210000000004" lon="-122.8987">
    <ele>130.96</ele>
   </trkpt>
   <trkpt lat="49.283280000000005" lon="-122.89866">
    <ele>130.96</ele>
   </trkpt>
   <trkpt lat="49.283370000000005" lon="-122.89852">
    <ele>126.85000000000002</ele>
   </trkpt>
   <trkpt lat="49.28358" lon="-122.89844000000001">
    <ele>121.3</ele>
   </trkpt>
   <trkpt lat="49.28389000000001" lon="-122.89816">
    <ele>115.08000000000001</ele>
   </trkpt>
   <trkpt lat="49.284020000000005" lon="-122.89808000000001">
    <ele>110.24000000000001</ele>
   </trkpt>
   <trkpt lat="49.284220000000005" lon="-122.89807">
    <ele>108.2</ele>
   </trkpt>
   <trkpt lat="49.284400000000005" lon="-122.89808000000001">
    <ele>101.61</ele>
   </trkpt>
   <trkpt lat="49.28452" lon="-122.89793000000002">
    <ele>96.36</ele>
   </trkpt>
   <trkpt lat="49.284580000000005" lon="-122.8979">
    <ele>96.36</ele>
   </trkpt>
   <trkpt lat="49.284740000000006" lon="-122.89799000000001">
    <ele>87.22</ele>
   </trkpt>
   <trkpt lat="49.28482" lon="-122.89802000000002">
    <ele>87.22</ele>
   </trkpt>
   <trkpt lat="49.28499" lon="-122.89795000000001">
    <ele>82.77000000000001</ele>
   </trkpt>
   <trkpt lat="49.2852" lon="-122.89808000000001">
    <ele>79.53999999999999</ele>
   </trkpt>
   <trkpt lat="49.285270000000004" lon="-122.89807">
    <ele>77.49</ele>
   </trkpt>
   <trkpt lat="49.28538" lon="-122.89821">
    <ele>73.60000000000001</ele>
   </trkpt>
   <trkpt lat="49.285560000000004" lon="-122.8983">
    <ele>70.83</ele>
   </trkpt>
   <trkpt lat="49.285720000000005" lon="-122.89848">
    <ele>67.53</ele>
   </trkpt>
   <trkpt lat="49.286030000000004" lon="-122.89861">
    <ele>61.370000000000005</ele>
   </trkpt>
   <trkpt lat="49.286390000000004" lon="-122.89878000000002">
    <ele>54.85</ele>
   </trkpt>
   <trkpt lat="49.28618" lon="-122.89920000000001">
    <ele>56.2</ele>
   </trkpt>
   <trkpt lat="49.28605" lon="-122.89932">
    <ele>57.99000000000001</ele>
   </trkpt>
   <trkpt lat="49.286010000000005" lon="-122.8995">
    <ele>58.730000000000004</ele>
   </trkpt>
   <trkpt lat="49.285920000000004" lon="-122.89964">
    <ele>59.85000000000001</ele>
   </trkpt>
   <trkpt lat="49.285880000000006" lon="-122.89977">
    <ele>60.29</ele>
   </trkpt>
   <trkpt lat="49.285900000000005" lon="-122.90009">
    <ele>60.17000000000001</ele>
   </trkpt>
   <trkpt lat="49.285970000000006" lon="-122.90018">
    <ele>59.32</ele>
   </trkpt>
   <trkpt lat="49.286080000000005" lon="-122.90027">
    <ele>56.790000000000006</ele>
   </trkpt>
   <trkpt lat="49.286120000000004" lon="-122.90066000000002">
    <ele>54.59</ele>
   </trkpt>
   <trkpt lat="49.286170000000006" lon="-122.90085">
    <ele>53.21000000000001</ele>
   </trkpt>
   <trkpt lat="49.28631000000001" lon="-122.90116">
    <ele>49.78</ele>
   </trkpt>
   <trkpt lat="49.286370000000005" lon="-122.90193000000001">
    <ele>46.95</ele>
   </trkpt>
   <trkpt lat="49.286370000000005" lon="-122.90243000000001">
    <ele>46.8</ele>
   </trkpt>
   <trkpt lat="49.28632" lon="-122.90281000000002">
    <ele>50.830000000000005</ele>
   </trkpt>
   <trkpt lat="49.28611" lon="-122.90317000000002">
    <ele>59.18</ele>
   </trkpt>
   <trkpt lat="49.28605" lon="-122.90330000000002">
    <ele>62.5</ele>
   </trkpt>
   <trkpt lat="49.28591" lon="-122.90395000000001">
    <ele>65.23</ele>
   </trkpt>
   <trkpt lat="49.28593000000001" lon="-122.90478000000002">
    <ele>62.00000000000001</ele>
   </trkpt>
   <trkpt lat="49.285990000000005" lon="-122.90527000000002">
    <ele>58.54</ele>
   </trkpt>
   <trkpt lat="49.28596" lon="-122.906">
    <ele>58.38</ele>
   </trkpt>
   <trkpt lat="49.28609" lon="-122.9064">
    <ele>59.59</ele>
   </trkpt>
   <trkpt lat="49.28611" lon="-122.90694">
    <ele>62.1</ele>
   </trkpt>
   <trkpt lat="49.286170000000006" lon="-122.90743">
    <ele>62.52</ele>
   </trkpt>
   <trkpt lat="49.286190000000005" lon="-122.90797">
    <ele>62.07000000000001</ele>
   </trkpt>
   <trkpt lat="49.286260000000006" lon="-122.90837">
    <ele>61.75000000000001</ele>
   </trkpt>
   <trkpt lat="49.286300000000004" lon="-122.90895">
    <ele>61.63</ele>
   </trkpt>
   <trkpt lat="49.28633000000001" lon="-122.90998">
    <ele>65.66000000000001</ele>
   </trkpt>
   <trkpt lat="49.286300000000004" lon="-122.91061">
    <ele>69.78</ele>
   </trkpt>
   <trkpt lat="49.28631000000001" lon="-122.91146">
    <ele>68.44</ele>
   </trkpt>
   <trkpt lat="49.286390000000004" lon="-122.91199">
    <ele>64.88000000000001</ele>
   </trkpt>
   <trkpt lat="49.286350000000006" lon="-122.9124">
    <ele>62.46000000000001</ele>
   </trkpt>
   <trkpt lat="49.286370000000005" lon="-122.91287000000001">
    <ele>62.77</ele>
   </trkpt>
   <trkpt lat="49.286390000000004" lon="-122.91312">
    <ele>64.22</ele>
   </trkpt>
   <trkpt lat="49.286350000000006" lon="-122.91423">
    <ele>62.32000000000001</ele>
   </trkpt>
   <trkpt lat="49.286300000000004" lon="-122.91441">
    <ele>61.57000000000001</ele>
   </trkpt>
   <trkpt lat="49.286350000000006" lon="-122.91483000000001">
    <ele>58.550000000000004</ele>
   </trkpt>
   <trkpt lat="49.286390007235724" lon="-122.91612499895139">
    <ele>47.6</ele>
   </trkpt>
   <trkpt lat="49.28643" lon="-122.91742">
    <ele>44.300000000000004</ele>
   </trkpt>
   <trkpt lat="49.28638" lon="-122.91782">
    <ele>46.75000000000001</ele>
   </trkpt>
   <trkpt lat="49.28645" lon="-122.91822">
    <ele>49.510000000000005</ele>
   </trkpt>
   <trkpt lat="49.28649" lon="-122.91884">
    <ele>51.65</ele>
   </trkpt>
   <trkpt lat="49.28649" lon="-122.91911">
    <ele>51.75</ele>
   </trkpt>
   <trkpt lat="49.28658" lon="-122.91964000000002">
    <ele>52.84</ele>
   </trkpt>
   <trkpt lat="49.286775002805214" lon="-122.92044999669028">
    <ele>49.940000000000005</ele>
   </trkpt>
   <trkpt lat="49.286970000000004" lon="-122.92126">
    <ele>45.040000000000006</ele>
   </trkpt>
   <trkpt lat="49.2871" lon="-122.92167">
    <ele>40.910000000000004</ele>
   </trkpt>
   <trkpt lat="49.287240000000004" lon="-122.92181000000001">
    <ele>39.470000000000006</ele>
   </trkpt>
   <trkpt lat="49.287400000000005" lon="-122.92189">
    <ele>37.67</ele>
   </trkpt>
   <trkpt lat="49.287620000000004" lon="-122.92197000000002">
    <ele>36.550000000000004</ele>
   </trkpt>
   <trkpt lat="49.28783000000001" lon="-122.92194">
    <ele>35.58</ele>
   </trkpt>
   <trkpt lat="49.287870000000005" lon="-122.92198">
    <ele>35.480000000000004</ele>
   </trkpt>
   <trkpt lat="49.2879" lon="-122.92207">
    <ele>35.410000000000004</ele>
   </trkpt>
   <trkpt lat="49.287960000000005" lon="-122.92278">
    <ele>35.57</ele>
   </trkpt>
   <trkpt lat="49.28802" lon="-122.92315">
    <ele>36.44</ele>
   </trkpt>
   <trkpt lat="49.288270000000004" lon="-122.92396000000001">
    <ele>39.220000000000006</ele>
   </trkpt>
   <trkpt lat="49.288070000000005" lon="-122.92412000000002">
    <ele>39.830000000000005</ele>
   </trkpt>
   <trkpt lat="49.28815" lon="-122.92441000000001">
    <ele>40.220000000000006</ele>
   </trkpt>
   <trkpt lat="49.2877" lon="-122.92475">
    <ele>40.940000000000005</ele>
   </trkpt>
   <trkpt lat="49.28755" lon="-122.92492000000001">
    <ele>41.160000000000004</ele>
   </trkpt>
   <trkpt lat="49.28754000000001" lon="-122.92506000000002">
    <ele>41.800000000000004</ele>
   </trkpt>
   <trkpt lat="49.287600000000005" lon="-122.92530000000001">
    <ele>43.24</ele>
   </trkpt>
   <trkpt lat="49.28761" lon="-122.92544000000001">
    <ele>43.5</ele>
   </trkpt>
   <trkpt lat="49.28757" lon="-122.92566000000001">
    <ele>44.050000000000004</ele>
   </trkpt>
   <trkpt lat="49.28774000000001" lon="-122.9261">
    <ele>44.86000000000001</ele>
   </trkpt>
   <trkpt lat="49.287870000000005" lon="-122.92619">
    <ele>44.78</ele>
   </trkpt>
   <trkpt lat="49.288000000000004" lon="-122.92618000000002">
    <ele>44.480000000000004</ele>
   </trkpt>
   <trkpt lat="49.288030000000006" lon="-122.92637">
    <ele>44.38</ele>
   </trkpt>
   <trkpt lat="49.28806" lon="-122.92644000000001">
    <ele>44.38</ele>
   </trkpt>
   <trkpt lat="49.288120000000006" lon="-122.92672">
    <ele>45.1</ele>
   </trkpt>
   <trkpt lat="49.28810000000001" lon="-122.92688000000001">
    <ele>45.62</ele>
   </trkpt>
   <trkpt lat="49.2879" lon="-122.92718">
    <ele>48.77</ele>
   </trkpt>
   <trkpt lat="49.28784" lon="-122.92748000000002">
    <ele>50.370000000000005</ele>
   </trkpt>
   <trkpt lat="49.287890000000004" lon="-122.92759000000001">
    <ele>52.06</ele>
   </trkpt>
   <trkpt lat="49.287910000000004" lon="-122.92775">
    <ele>55.370000000000005</ele>
   </trkpt>
   <trkpt lat="49.287870000000005" lon="-122.92784">
    <ele>55.370000000000005</ele>
   </trkpt>
   <trkpt lat="49.287800000000004" lon="-122.92789">
    <ele>59.03000000000001</ele>
   </trkpt>
   <trkpt lat="49.287690000000005" lon="-122.92788000000002">
    <ele>62.2</ele>
   </trkpt>
   <trkpt lat="49.287690000000005" lon="-122.92798">
    <ele>63.050000000000004</ele>
   </trkpt>
   <trkpt lat="49.28774000000001" lon="-122.92816">
    <ele>65.30000000000001</ele>
   </trkpt>
   <trkpt lat="49.28795" lon="-122.92829">
    <ele>69.12</ele>
   </trkpt>
   <trkpt lat="49.28799" lon="-122.92842000000002">
    <ele>71.13000000000001</ele>
   </trkpt>
   <trkpt lat="49.28792000000001" lon="-122.92843">
    <ele>71.78000000000002</ele>
   </trkpt>
   <trkpt lat="49.28782" lon="-122.92887">
    <ele>74.88</ele>
   </trkpt>
   <trkpt lat="49.287760000000006" lon="-122.92937">
    <ele>79.55000000000001</ele>
   </trkpt>
   <trkpt lat="49.287650000000006" lon="-122.92959">
    <ele>80.01</ele>
   </trkpt>
   <trkpt lat="49.287130000000005" lon="-122.92994000000002">
    <ele>84.98000000000002</ele>
   </trkpt>
   <trkpt lat="49.287000000000006" lon="-122.93008">
    <ele>88.19</ele>
   </trkpt>
   <trkpt lat="49.286910000000006" lon="-122.93022">
    <ele>89.26</ele>
   </trkpt>
   <trkpt lat="49.28683" lon="-122.9304">
    <ele>90.27</ele>
   </trkpt>
   <trkpt lat="49.28674" lon="-122.93049">
    <ele>90.37</ele>
   </trkpt>
   <trkpt lat="49.28672" lon="-122.93066">
    <ele>90.33000000000001</ele>
   </trkpt>
   <trkpt lat="49.28672" lon="-122.93093">
    <ele>89.9</ele>
   </trkpt>
   <trkpt lat="49.28683" lon="-122.93125">
    <ele>89.69</ele>
   </trkpt>
   <trkpt lat="49.28687000000001" lon="-122.93147">
    <ele>89.92000000000002</ele>
   </trkpt>
   <trkpt lat="49.286880000000004" lon="-122.93175000000001">
    <ele>90.78000000000002</ele>
   </trkpt>
   <trkpt lat="49.28681" lon="-122.93281">
    <ele>96.96000000000001</ele>
   </trkpt>
   <trkpt lat="49.2869" lon="-122.93339000000002">
    <ele>96.22000000000001</ele>
   </trkpt>
   <trkpt lat="49.286910000000006" lon="-122.93363000000001">
    <ele>95.87</ele>
   </trkpt>
   <trkpt lat="49.287060000000004" lon="-122.93385">
    <ele>94.23</ele>
   </trkpt>
   <trkpt lat="49.287130000000005" lon="-122.93411">
    <ele>92.93</ele>
   </trkpt>
   <trkpt lat="49.287150000000004" lon="-122.93443">
    <ele>92.6</ele>
   </trkpt>
   <trkpt lat="49.287130000000005" lon="-122.93478">
    <ele>93.23</ele>
   </trkpt>
   <trkpt lat="49.28705" lon="-122.93511000000001">
    <ele>92.21000000000001</ele>
   </trkpt>
   <trkpt lat="49.2871" lon="-122.93541">
    <ele>90.07000000000001</ele>
   </trkpt>
   <trkpt lat="49.28708" lon="-122.93577">
    <ele>89.10000000000001</ele>
   </trkpt>
   <trkpt lat="49.28719" lon="-122.93603000000002">
    <ele>88.18</ele>
   </trkpt>
   <trkpt lat="49.28732" lon="-122.93617">
    <ele>87.24000000000001</ele>
   </trkpt>
   <trkpt lat="49.28752" lon="-122.93631">
    <ele>86.5</ele>
   </trkpt>
   <trkpt lat="49.287690000000005" lon="-122.93648">
    <ele>86.59</ele>
   </trkpt>
   <trkpt lat="49.28786" lon="-122.93671">
    <ele>86.10000000000001</ele>
   </trkpt>
   <trkpt lat="49.28797" lon="-122.93699000000001">
    <ele>86.63000000000001</ele>
   </trkpt>
   <trkpt lat="49.28833" lon="-122.93711">
    <ele>87.85000000000001</ele>
   </trkpt>
   <trkpt lat="49.28846" lon="-122.93702">
    <ele>86.65</ele>
   </trkpt>
   <trkpt lat="49.28851" lon="-122.93715000000002">
    <ele>86.3</ele>
   </trkpt>
   <trkpt lat="49.28855" lon="-122.93724000000002">
    <ele>86.16</ele>
   </trkpt>
   <trkpt lat="49.288360000000004" lon="-122.93774">
    <ele>85.62</ele>
   </trkpt>
   <trkpt lat="49.2884" lon="-122.93800000000002">
    <ele>84.30000000000001</ele>
   </trkpt>
   <trkpt lat="49.28842" lon="-122.93844000000001">
    <ele>81.17</ele>
   </trkpt>
   <trkpt lat="49.28858" lon="-122.93868">
    <ele>78.69000000000001</ele>
   </trkpt>
   <trkpt lat="49.28864" lon="-122.9389">
    <ele>74.79</ele>
   </trkpt>
   <trkpt lat="49.288700000000006" lon="-122.93931">
    <ele>68.69</ele>
   </trkpt>
   <trkpt lat="49.28886000000001" lon="-122.93935">
    <ele>67.04</ele>
   </trkpt>
   <trkpt lat="49.289030000000004" lon="-122.93918000000001">
    <ele>64.03</ele>
   </trkpt>
   <trkpt lat="49.28922000000001" lon="-122.93922">
    <ele>59.9</ele>
   </trkpt>
   <trkpt lat="49.28934" lon="-122.93931">
    <ele>56.78</ele>
   </trkpt>
   <trkpt lat="49.28942000000001" lon="-122.93944">
    <ele>56.78</ele>
   </trkpt>
   <trkpt lat="49.289440000000006" lon="-122.93957">
    <ele>54.21</ele>
   </trkpt>
   <trkpt lat="49.28942000000001" lon="-122.93984">
    <ele>53.01</ele>
   </trkpt>
   <trkpt lat="49.28951000000001" lon="-122.94011">
    <ele>50.940000000000005</ele>
   </trkpt>
   <trkpt lat="49.28922000000001" lon="-122.94101">
    <ele>50.300000000000004</ele>
   </trkpt>
   <trkpt lat="49.28898" lon="-122.94123">
    <ele>50.56</ele>
   </trkpt>
   <trkpt lat="49.288790000000006" lon="-122.94145">
    <ele>50.910000000000004</ele>
   </trkpt>
   <trkpt lat="49.28886000000001" lon="-122.94159">
    <ele>50.39</ele>
   </trkpt>
   <trkpt lat="49.289" lon="-122.94172">
    <ele>48.74</ele>
   </trkpt>
   <trkpt lat="49.289060000000006" lon="-122.94172">
    <ele>47.67</ele>
   </trkpt>
   <trkpt lat="49.28916" lon="-122.94164">
    <ele>47.67</ele>
   </trkpt>
   <trkpt lat="49.289390000000004" lon="-122.94097000000001">
    <ele>40.080000000000005</ele>
   </trkpt>
   <trkpt lat="49.289480000000005" lon="-122.94084000000001">
    <ele>39.400000000000006</ele>
   </trkpt>
   <trkpt lat="49.28954" lon="-122.94084000000001">
    <ele>39.14</ele>
   </trkpt>
   <trkpt lat="49.289620000000006" lon="-122.94088">
    <ele>38.220000000000006</ele>
   </trkpt>
   <trkpt lat="49.28989000000001" lon="-122.94117000000001">
    <ele>39.040000000000006</ele>
   </trkpt>
   <trkpt lat="49.289970000000004" lon="-122.94129000000001">
    <ele>39.300000000000004</ele>
   </trkpt>
   <trkpt lat="49.290000000000006" lon="-122.94139000000001">
    <ele>39.52</ele>
   </trkpt>
   <trkpt lat="49.28999" lon="-122.9415">
    <ele>39.52</ele>
   </trkpt>
   <trkpt lat="49.289930000000005" lon="-122.94161000000001">
    <ele>39.970000000000006</ele>
   </trkpt>
   <trkpt lat="49.28994" lon="-122.94173">
    <ele>39.970000000000006</ele>
   </trkpt>
   <trkpt lat="49.2899" lon="-122.94188000000001">
    <ele>40.56</ele>
   </trkpt>
   <trkpt lat="49.28994" lon="-122.94204">
    <ele>40.830000000000005</ele>
   </trkpt>
   <trkpt lat="49.28985" lon="-122.94235">
    <ele>40.82</ele>
   </trkpt>
   <trkpt lat="49.289770000000004" lon="-122.94306000000002">
    <ele>37.720000000000006</ele>
   </trkpt>
   <trkpt lat="49.289750000000005" lon="-122.94387">
    <ele>34.43</ele>
   </trkpt>
   <trkpt lat="49.289730000000006" lon="-122.94405">
    <ele>34.31</ele>
   </trkpt>
   <trkpt lat="49.289640000000006" lon="-122.94436">
    <ele>34.39</ele>
   </trkpt>
   <trkpt lat="49.28956" lon="-122.94521">
    <ele>33.64</ele>
   </trkpt>
   <trkpt lat="49.289590000000004" lon="-122.94571">
    <ele>33.45</ele>
   </trkpt>
   <trkpt lat="49.28958" lon="-122.94594000000001">
    <ele>33.910000000000004</ele>
   </trkpt>
   <trkpt lat="49.28954" lon="-122.94624">
    <ele>34.13</ele>
   </trkpt>
   <trkpt lat="49.289390000000004" lon="-122.94697000000001">
    <ele>36.22</ele>
   </trkpt>
   <trkpt lat="49.289370000000005" lon="-122.94731000000002">
    <ele>39.31</ele>
   </trkpt>
   <trkpt lat="49.28931000000001" lon="-122.94745">
    <ele>40.17</ele>
   </trkpt>
   <trkpt lat="49.28924000000001" lon="-122.94746">
    <ele>44.76</ele>
   </trkpt>
   <trkpt lat="49.2892" lon="-122.94745">
    <ele>44.76</ele>
   </trkpt>
   <trkpt lat="49.28918" lon="-122.94737">
    <ele>44.76</ele>
   </trkpt>
   <trkpt lat="49.28909" lon="-122.94732">
    <ele>48.25</ele>
   </trkpt>
   <trkpt lat="49.28904000000001" lon="-122.94732">
    <ele>48.25</ele>
   </trkpt>
   <trkpt lat="49.289030000000004" lon="-122.94736">
    <ele>49.080000000000005</ele>
   </trkpt>
   <trkpt lat="49.28907" lon="-122.94774000000001">
    <ele>52.49</ele>
   </trkpt>
   <trkpt lat="49.289120000000004" lon="-122.94866">
    <ele>54.8</ele>
   </trkpt>
   <trkpt lat="49.28911" lon="-122.94879000000002">
    <ele>54.61000000000001</ele>
   </trkpt>
   <trkpt lat="49.28893" lon="-122.94924">
    <ele>54.3</ele>
   </trkpt>
   <trkpt lat="49.288810000000005" lon="-122.94991000000002">
    <ele>51.57</ele>
   </trkpt>
   <trkpt lat="49.28846" lon="-122.95086">
    <ele>56.27</ele>
   </trkpt>
   <trkpt lat="49.288410000000006" lon="-122.95108">
    <ele>57.660000000000004</ele>
   </trkpt>
   <trkpt lat="49.288250000000005" lon="-122.95148">
    <ele>61.25000000000001</ele>
   </trkpt>
   <trkpt lat="49.28811" lon="-122.95166">
    <ele>61.46000000000001</ele>
   </trkpt>
   <trkpt lat="49.287960000000005" lon="-122.95193">
    <ele>60.81</ele>
   </trkpt>
   <trkpt lat="49.28774000000001" lon="-122.9522">
    <ele>62.400000000000006</ele>
   </trkpt>
   <trkpt lat="49.28764" lon="-122.95256">
    <ele>63.71</ele>
   </trkpt>
   <trkpt lat="49.28748" lon="-122.95275000000001">
    <ele>64.10000000000001</ele>
   </trkpt>
   <trkpt lat="49.28735" lon="-122.95309">
    <ele>63.410000000000004</ele>
   </trkpt>
   <trkpt lat="49.287180000000006" lon="-122.95323">
    <ele>63.410000000000004</ele>
   </trkpt>
   <trkpt lat="49.28712" lon="-122.95333000000001">
    <ele>63.31</ele>
   </trkpt>
   <trkpt lat="49.28707000000001" lon="-122.95345">
    <ele>63.49</ele>
   </trkpt>
   <trkpt lat="49.28701" lon="-122.95377">
    <ele>64.87</ele>
   </trkpt>
   <trkpt lat="49.286820000000006" lon="-122.95396000000001">
    <ele>67.48</ele>
   </trkpt>
   <trkpt lat="49.286770000000004" lon="-122.95394000000002">
    <ele>67.48</ele>
   </trkpt>
   <trkpt lat="49.28672" lon="-122.95368">
    <ele>70.21000000000001</ele>
   </trkpt>
   <trkpt lat="49.28672" lon="-122.95361000000001">
    <ele>70.21000000000001</ele>
   </trkpt>
   <trkpt lat="49.2867" lon="-122.95361000000001">
    <ele>70.42000000000002</ele>
   </trkpt>
   <trkpt lat="49.286550000000005" lon="-122.95373000000001">
    <ele>70.8</ele>
   </trkpt>
   <trkpt lat="49.286550000000005" lon="-122.95376000000002">
    <ele>70.8</ele>
   </trkpt>
   <trkpt lat="49.28652" lon="-122.95377">
    <ele>70.8</ele>
   </trkpt>
   <trkpt lat="49.285990000681686" lon="-122.95419000457757">
    <ele>73.05</ele>
   </trkpt>
   <trkpt lat="49.28546" lon="-122.95461000000002">
    <ele>76.05000000000001</ele>
   </trkpt>
   <trkpt lat="49.28480000198313" lon="-122.95508667941088">
    <ele>78.89</ele>
   </trkpt>
   <trkpt lat="49.284140002005515" lon="-122.95556334606114">
    <ele>82.88000000000001</ele>
   </trkpt>
   <trkpt lat="49.283480000000004" lon="-122.95604000000002">
    <ele>86.70000000000002</ele>
   </trkpt>
   <trkpt lat="49.28340000000001" lon="-122.95576000000001">
    <ele>88.64000000000001</ele>
   </trkpt>
   <trkpt lat="49.28341" lon="-122.95575000000001">
    <ele>88.64000000000001</ele>
   </trkpt>
   <trkpt lat="49.28333000000001" lon="-122.95551">
    <ele>89.57000000000001</ele>
   </trkpt>
   <trkpt lat="49.28331000000001" lon="-122.95539000000001">
    <ele>90.32000000000001</ele>
   </trkpt>
   <trkpt lat="49.28331000255815" lon="-122.95461999968892">
    <ele>94.18</ele>
   </trkpt>
   <trkpt lat="49.28331000000001" lon="-122.95385000000002">
    <ele>95.91000000000001</ele>
   </trkpt>
   <trkpt lat="49.28327" lon="-122.95378000000001">
    <ele>96.69000000000001</ele>
   </trkpt>
   <trkpt lat="49.28323" lon="-122.95378000000001">
    <ele>96.69000000000001</ele>
   </trkpt>
   <trkpt lat="49.283170000000005" lon="-122.95382000000001">
    <ele>96.98</ele>
   </trkpt>
   <trkpt lat="49.283100000000005" lon="-122.95369000000001">
    <ele>97.17</ele>
   </trkpt>
   <trkpt lat="49.283080000000005" lon="-122.95353000000001">
    <ele>97.18</ele>
   </trkpt>
   <trkpt lat="49.28313000000001" lon="-122.95335000000001">
    <ele>98.21000000000001</ele>
   </trkpt>
   <trkpt lat="49.28298" lon="-122.95331000000002">
    <ele>99.2</ele>
   </trkpt>
   <trkpt lat="49.282500000000006" lon="-122.95332">
    <ele>103.09000000000002</ele>
   </trkpt>
   <trkpt lat="49.28247" lon="-122.95325000000001">
    <ele>103.39</ele>
   </trkpt>
   <trkpt lat="49.282360000000004" lon="-122.95327">
    <ele>103.29</ele>
   </trkpt>
   <trkpt lat="49.28231" lon="-122.95332">
    <ele>103.87</ele>
   </trkpt>
   <trkpt lat="49.28185999974674" lon="-122.95329999980618">
    <ele>105.63000000000001</ele>
   </trkpt>
   <trkpt lat="49.28141" lon="-122.95328">
    <ele>107.11000000000001</ele>
   </trkpt>
   <trkpt lat="49.28095999975363" lon="-122.95330000019354">
    <ele>107.74</ele>
   </trkpt>
   <trkpt lat="49.28051000000001" lon="-122.95332">
    <ele>108.54</ele>
   </trkpt>
   <trkpt lat="49.280480000000004" lon="-122.95328">
    <ele>108.54</ele>
   </trkpt>
   <trkpt lat="49.28047" lon="-122.95323">
    <ele>109.39000000000001</ele>
   </trkpt>
   <trkpt lat="49.28046500541226" lon="-122.9521099998624">
    <ele>113.27000000000001</ele>
   </trkpt>
   <trkpt lat="49.280460000000005" lon="-122.95099">
    <ele>119.73</ele>
   </trkpt>
   <trkpt lat="49.280370000000005" lon="-122.95042000000001">
    <ele>122.96000000000001</ele>
   </trkpt>
   <trkpt lat="49.28036" lon="-122.95027">
    <ele>124.15</ele>
   </trkpt>
   <trkpt lat="49.280370000000005" lon="-122.94965">
    <ele>129.71</ele>
   </trkpt>
   <trkpt lat="49.28040000000001" lon="-122.9496">
    <ele>130.11</ele>
   </trkpt>
   <trkpt lat="49.28040000000001" lon="-122.94947">
    <ele>130.43</ele>
   </trkpt>
   <trkpt lat="49.280330000000006" lon="-122.94939000000001">
    <ele>132.83</ele>
   </trkpt>
   <trkpt lat="49.28032334179104" lon="-122.94839999973142">
    <ele>145.34000000000003</ele>
   </trkpt>
   <trkpt lat="49.28031667512437" lon="-122.94740999973037">
    <ele>153.63000000000002</ele>
   </trkpt>
   <trkpt lat="49.28031000000001" lon="-122.94642">
    <ele>163.45000000000002</ele>
   </trkpt>
   <trkpt lat="49.280210000000004" lon="-122.94584">
    <ele>170.44</ele>
   </trkpt>
   <trkpt lat="49.28025" lon="-122.94548">
    <ele>174.21</ele>
   </trkpt>
   <trkpt lat="49.28027" lon="-122.94432">
    <ele>189.69000000000003</ele>
   </trkpt>
   <trkpt lat="49.280240000000006" lon="-122.94361">
    <ele>197.41000000000003</ele>
   </trkpt>
   <trkpt lat="49.28025" lon="-122.94329">
    <ele>201.05</ele>
   </trkpt>
   <trkpt lat="49.28023" lon="-122.94289">
    <ele>205.86</ele>
   </trkpt>
   <trkpt lat="49.280260000000006" lon="-122.94244">
    <ele>211.3</ele>
   </trkpt>
   <trkpt lat="49.2802500020876" lon="-122.94174500010082">
    <ele>217.93</ele>
   </trkpt>
   <trkpt lat="49.280240000000006" lon="-122.94105">
    <ele>224.85000000000002</ele>
   </trkpt>
   <trkpt lat="49.28027" lon="-122.94052">
    <ele>233.63000000000002</ele>
   </trkpt>
   <trkpt lat="49.280260000000006" lon="-122.93984">
    <ele>239.27</ele>
   </trkpt>
   <trkpt lat="49.28029" lon="-122.93953">
    <ele>244.50000000000003</ele>
   </trkpt>
   <trkpt lat="49.28025" lon="-122.93926">
    <ele>247.78000000000003</ele>
   </trkpt>
   <trkpt lat="49.28022000000001" lon="-122.93838000000001">
    <ele>256.27</ele>
   </trkpt>
   <trkpt lat="49.280190000000005" lon="-122.93852000000001">
    <ele>254.53000000000003</ele>
   </trkpt>
   <trkpt lat="49.280190000000005" lon="-122.93853000000001">
    <ele>254.47000000000003</ele>
   </trkpt>
   <trkpt lat="49.28022000000001" lon="-122.93838000000001">
    <ele>256.27</ele>
   </trkpt>
   <trkpt lat="49.28016" lon="-122.93829000000001">
    <ele>256.28000000000003</ele>
   </trkpt>
   <trkpt lat="49.28016" lon="-122.93815000000001">
    <ele>256.5</ele>
   </trkpt>
   <trkpt lat="49.280120000000004" lon="-122.93793000000001">
    <ele>258.93</ele>
   </trkpt>
   <trkpt lat="49.27985" lon="-122.93741000000001">
    <ele>263.72</ele>
   </trkpt>
   <trkpt lat="49.27978" lon="-122.93735000000001">
    <ele>264.45</ele>
   </trkpt>
   <trkpt lat="49.27947" lon="-122.93717000000001">
    <ele>266.63000000000005</ele>
   </trkpt>
   <trkpt lat="49.279180000000004" lon="-122.93693">
    <ele>268.77</ele>
   </trkpt>
   <trkpt lat="49.27906" lon="-122.93689">
    <ele>269.31000000000006</ele>
   </trkpt>
   <trkpt lat="49.27891" lon="-122.93671">
    <ele>269.79</ele>
   </trkpt>
   <trkpt lat="49.278830000000006" lon="-122.93648">
    <ele>270.65</ele>
   </trkpt>
   <trkpt lat="49.278780000000005" lon="-122.93628000000001">
    <ele>271.57000000000005</ele>
   </trkpt>
   <trkpt lat="49.278830000000006" lon="-122.93648">
    <ele>270.65</ele>
   </trkpt>
   <trkpt lat="49.27891" lon="-122.93671">
    <ele>269.79</ele>
   </trkpt>
   <trkpt lat="49.27906" lon="-122.93689">
    <ele>269.31000000000006</ele>
   </trkpt>
   <trkpt lat="49.279180000000004" lon="-122.93693">
    <ele>268.77</ele>
   </trkpt>
   <trkpt lat="49.27947" lon="-122.93717000000001">
    <ele>266.63000000000005</ele>
   </trkpt>
   <trkpt lat="49.27978" lon="-122.93735000000001">
    <ele>264.45</ele>
   </trkpt>
   <trkpt lat="49.27985" lon="-122.93741000000001">
    <ele>263.72</ele>
   </trkpt>
   <trkpt lat="49.27978" lon="-122.93735000000001">
    <ele>264.45</ele>
   </trkpt>
   <trkpt lat="49.27947" lon="-122.93717000000001">
    <ele>266.63000000000005</ele>
   </trkpt>
   <trkpt lat="49.279180000000004" lon="-122.93693">
    <ele>268.77</ele>
   </trkpt>
   <trkpt lat="49.27906" lon="-122.93689">
    <ele>269.31000000000006</ele>
   </trkpt>
   <trkpt lat="49.27891" lon="-122.93671">
    <ele>269.79</ele>
   </trkpt>
   <trkpt lat="49.278830000000006" lon="-122.93648">
    <ele>270.65</ele>
   </trkpt>
   <trkpt lat="49.278780000000005" lon="-122.93628000000001">
    <ele>271.57000000000005</ele>
   </trkpt>
   <trkpt lat="49.278400000000005" lon="-122.9364">
    <ele>265.22</ele>
   </trkpt>
   <trkpt lat="49.27803" lon="-122.93662">
    <ele>259.34000000000003</ele>
   </trkpt>
   <trkpt lat="49.27787000000001" lon="-122.93663000000001">
    <ele>258.31000000000006</ele>
   </trkpt>
   <trkpt lat="49.277590000000004" lon="-122.93653">
    <ele>256.71</ele>
   </trkpt>
   <trkpt lat="49.277370000000005" lon="-122.93662">
    <ele>254.66</ele>
   </trkpt>
   <trkpt lat="49.277190000000004" lon="-122.9368">
    <ele>253.53000000000003</ele>
   </trkpt>
   <trkpt lat="49.27675000000001" lon="-122.93689">
    <ele>246.29</ele>
   </trkpt>
   <trkpt lat="49.276250000000005" lon="-122.93688000000002">
    <ele>238.26000000000002</ele>
   </trkpt>
   <trkpt lat="49.276120000000006" lon="-122.9368">
    <ele>237.20000000000002</ele>
   </trkpt>
   <trkpt lat="49.27590000000001" lon="-122.93657">
    <ele>236.55</ele>
   </trkpt>
   <trkpt lat="49.27562" lon="-122.93604">
    <ele>235.62000000000003</ele>
   </trkpt>
   <trkpt lat="49.275490000000005" lon="-122.93572">
    <ele>233.82000000000002</ele>
   </trkpt>
   <trkpt lat="49.275360000000006" lon="-122.93563">
    <ele>232.34</ele>
   </trkpt>
   <trkpt lat="49.27534000000001" lon="-122.93542000000001">
    <ele>233.58</ele>
   </trkpt>
   <trkpt lat="49.27523" lon="-122.9351">
    <ele>235.26000000000002</ele>
   </trkpt>
   <trkpt lat="49.27519" lon="-122.93471000000001">
    <ele>238.14000000000001</ele>
   </trkpt>
   <trkpt lat="49.275225004022225" lon="-122.93374500057014">
    <ele>246.44000000000003</ele>
   </trkpt>
   <trkpt lat="49.27526" lon="-122.93278000000001">
    <ele>254.59000000000003</ele>
   </trkpt>
   <trkpt lat="49.27523" lon="-122.93147">
    <ele>259.3</ele>
   </trkpt>
   <trkpt lat="49.275270000000006" lon="-122.93088000000002">
    <ele>259.58000000000004</ele>
   </trkpt>
   <trkpt lat="49.27514000000001" lon="-122.93058">
    <ele>257.27</ele>
   </trkpt>
   <trkpt lat="49.275200000000005" lon="-122.9299">
    <ele>256.29</ele>
   </trkpt>
   <trkpt lat="49.27519" lon="-122.92924000000001">
    <ele>257.58000000000004</ele>
   </trkpt>
   <trkpt lat="49.27514000000001" lon="-122.92892">
    <ele>258.84000000000003</ele>
   </trkpt>
   <trkpt lat="49.27521" lon="-122.92905">
    <ele>259.79</ele>
   </trkpt>
   <trkpt lat="49.27559" lon="-122.92978000000001">
    <ele>266.79</ele>
   </trkpt>
   <trkpt lat="49.27604" lon="-122.93055000000001">
    <ele>272.25000000000006</ele>
   </trkpt>
   <trkpt lat="49.276070000000004" lon="-122.93053">
    <ele>272.39000000000004</ele>
   </trkpt>
   <trkpt lat="49.27613" lon="-122.93042000000001">
    <ele>272.21</ele>
   </trkpt>
   <trkpt lat="49.2762" lon="-122.93014000000001">
    <ele>272.01000000000005</ele>
   </trkpt>
   <trkpt lat="49.27631" lon="-122.93017">
    <ele>273.85</ele>
   </trkpt>
   <trkpt lat="49.276430000000005" lon="-122.93026">
    <ele>276.63000000000005</ele>
   </trkpt>
   <trkpt lat="49.27657000000001" lon="-122.93022">
    <ele>276.63000000000005</ele>
   </trkpt>
   <trkpt lat="49.276720000000005" lon="-122.93017">
    <ele>278.99</ele>
   </trkpt>
   <trkpt lat="49.27691" lon="-122.9299">
    <ele>282.64</ele>
   </trkpt>
   <trkpt lat="49.27703" lon="-122.92951000000001">
    <ele>285.19</ele>
   </trkpt>
   <trkpt lat="49.277060000000006" lon="-122.92932">
    <ele>287.29</ele>
   </trkpt>
   <trkpt lat="49.27704000000001" lon="-122.92892">
    <ele>289.72</ele>
   </trkpt>
   <trkpt lat="49.276990000000005" lon="-122.92847">
    <ele>291.36</ele>
   </trkpt>
   <trkpt lat="49.276990000000005" lon="-122.92793">
    <ele>292.84000000000003</ele>
   </trkpt>
   <trkpt lat="49.276900000000005" lon="-122.92673">
    <ele>300.50000000000006</ele>
   </trkpt>
   <trkpt lat="49.27684000000001" lon="-122.92637">
    <ele>301.36</ele>
   </trkpt>
   <trkpt lat="49.276830000000004" lon="-122.92547">
    <ele>306.72</ele>
   </trkpt>
   <trkpt lat="49.27689" lon="-122.9248">
    <ele>309.64000000000004</ele>
   </trkpt>
   <trkpt lat="49.277140006240195" lon="-122.92359500622824">
    <ele>315.49000000000007</ele>
   </trkpt>
   <trkpt lat="49.277390000000004" lon="-122.92239000000001">
    <ele>320.42</ele>
   </trkpt>
   <trkpt lat="49.27738" lon="-122.92211">
    <ele>321.65999999999997</ele>
   </trkpt>
   <trkpt lat="49.277390000000004" lon="-122.92202">
    <ele>321.97</ele>
   </trkpt>
   <trkpt lat="49.27745" lon="-122.92184">
    <ele>322.68</ele>
   </trkpt>
   <trkpt lat="49.27749000000001" lon="-122.92158">
    <ele>325.47</ele>
   </trkpt>
   <trkpt lat="49.277590000000004" lon="-122.92126">
    <ele>327.38</ele>
   </trkpt>
   <trkpt lat="49.27760000000001" lon="-122.92099">
    <ele>328.42</ele>
   </trkpt>
   <trkpt lat="49.27760000000001" lon="-122.92087000000001">
    <ele>328.70000000000005</ele>
   </trkpt>
   <trkpt lat="49.277530000000006" lon="-122.92034000000001">
    <ele>330.26000000000005</ele>
   </trkpt>
   <trkpt lat="49.277240000000006" lon="-122.91951000000002">
    <ele>332.03000000000003</ele>
   </trkpt>
   <trkpt lat="49.277300000000004" lon="-122.91946000000002">
    <ele>332.13000000000005</ele>
   </trkpt>
   <trkpt lat="49.27722000000001" lon="-122.91919000000001">
    <ele>332.56</ele>
   </trkpt>
   <trkpt lat="49.277170000000005" lon="-122.91910000000001">
    <ele>332.69000000000005</ele>
   </trkpt>
   <trkpt lat="49.27702000000001" lon="-122.91924000000002">
    <ele>331.93</ele>
   </trkpt>
   <trkpt lat="49.27693000000001" lon="-122.91926000000001">
    <ele>331.93</ele>
   </trkpt>
   <trkpt lat="49.27676" lon="-122.91934">
    <ele>327.06</ele>
   </trkpt>
   <trkpt lat="49.276630000000004" lon="-122.91952">
    <ele>324.68</ele>
   </trkpt>
   <trkpt lat="49.27649" lon="-122.91954000000001">
    <ele>323.20000000000005</ele>
   </trkpt>
   <trkpt lat="49.276320000000005" lon="-122.9193">
    <ele>321.21000000000004</ele>
   </trkpt>
   <trkpt lat="49.276230000000005" lon="-122.91911">
    <ele>320.34000000000003</ele>
   </trkpt>
   <trkpt lat="49.276050000000005" lon="-122.91894">
    <ele>319.90000000000003</ele>
   </trkpt>
   <trkpt lat="49.276030000000006" lon="-122.9188">
    <ele>320.20000000000005</ele>
   </trkpt>
   <trkpt lat="49.276050000000005" lon="-122.91866000000002">
    <ele>320.65000000000003</ele>
   </trkpt>
   <trkpt lat="49.27591" lon="-122.91844">
    <ele>319.14000000000004</ele>
   </trkpt>
   <trkpt lat="49.275850000000005" lon="-122.9184">
    <ele>316.39</ele>
   </trkpt>
   <trkpt lat="49.2757" lon="-122.91844">
    <ele>314.89</ele>
   </trkpt>
   <trkpt lat="49.27559" lon="-122.91837000000001">
    <ele>313.09000000000003</ele>
   </trkpt>
   <trkpt lat="49.275580000000005" lon="-122.91832000000001">
    <ele>313.02000000000004</ele>
   </trkpt>
   <trkpt lat="49.27544" lon="-122.91831">
    <ele>311.78</ele>
   </trkpt>
   <trkpt lat="49.27532" lon="-122.91810000000001">
    <ele>311.69</ele>
   </trkpt>
   <trkpt lat="49.2753" lon="-122.91789000000001">
    <ele>312.44000000000005</ele>
   </trkpt>
   <trkpt lat="49.27534000000001" lon="-122.91836">
    <ele>310.22</ele>
   </trkpt>
   <trkpt lat="49.27528" lon="-122.91876">
    <ele>309.15000000000003</ele>
   </trkpt>
   <trkpt lat="49.27529000757114" lon="-122.91969666628422">
    <ele>304.92</ele>
   </trkpt>
   <trkpt lat="49.27530000757111" lon="-122.9206333329484">
    <ele>299.64</ele>
   </trkpt>
   <trkpt lat="49.275310000000005" lon="-122.92157000000002">
    <ele>294.88000000000005</ele>
   </trkpt>
   <trkpt lat="49.275310000000005" lon="-122.92158">
    <ele>294.84000000000003</ele>
   </trkpt>
   <trkpt lat="49.27530000767895" lon="-122.9225233337522">
    <ele>290.15000000000003</ele>
   </trkpt>
   <trkpt lat="49.27529000767857" lon="-122.923466667122">
    <ele>281.81</ele>
   </trkpt>
   <trkpt lat="49.27528" lon="-122.92441000000001">
    <ele>285.95000000000005</ele>
   </trkpt>
   <trkpt lat="49.27528001627589" lon="-122.92578333340572">
    <ele>281.2</ele>
   </trkpt>
   <trkpt lat="49.2752800162759" lon="-122.92715666681191">
    <ele>269.92</ele>
   </trkpt>
   <trkpt lat="49.27528" lon="-122.92853000000001">
    <ele>260.16</ele>
   </trkpt>
   <trkpt lat="49.27525000000001" lon="-122.92868000000001">
    <ele>259.18</ele>
   </trkpt>
   <trkpt lat="49.27517" lon="-122.92851000000002">
    <ele>257.99</ele>
   </trkpt>
   <trkpt lat="49.27475667307641" lon="-122.9276466521512">
    <ele>253.97000000000003</ele>
   </trkpt>
   <trkpt lat="49.27434333972063" lon="-122.92678331877121">
    <ele>250.95</ele>
   </trkpt>
   <trkpt lat="49.27393000000001" lon="-122.92592">
    <ele>250.06</ele>
   </trkpt>
   <trkpt lat="49.27387" lon="-122.92583">
    <ele>250.24</ele>
   </trkpt>
   <trkpt lat="49.273810000000005" lon="-122.92578">
    <ele>250.24</ele>
   </trkpt>
   <trkpt lat="49.27376" lon="-122.92560000000002">
    <ele>250.54000000000005</ele>
   </trkpt>
   <trkpt lat="49.27357000000001" lon="-122.92540000000001">
    <ele>248.32000000000002</ele>
   </trkpt>
   <trkpt lat="49.273520000000005" lon="-122.92529">
    <ele>247.82</ele>
   </trkpt>
   <trkpt lat="49.27308000000001" lon="-122.92488000000002">
    <ele>244.71</ele>
   </trkpt>
   <trkpt lat="49.273070000000004" lon="-122.92484">
    <ele>244.01000000000002</ele>
   </trkpt>
   <trkpt lat="49.27309" lon="-122.92468000000001">
    <ele>244.21</ele>
   </trkpt>
   <trkpt lat="49.27297" lon="-122.92466000000002">
    <ele>244.21</ele>
   </trkpt>
   <trkpt lat="49.27282" lon="-122.92458">
    <ele>241.74</ele>
   </trkpt>
   <trkpt lat="49.27248" lon="-122.92431">
    <ele>239.58</ele>
   </trkpt>
   <trkpt lat="49.27194" lon="-122.92382">
    <ele>234.96000000000004</ele>
   </trkpt>
   <trkpt lat="49.27185" lon="-122.92367000000002">
    <ele>235.0</ele>
   </trkpt>
   <trkpt lat="49.27174" lon="-122.92342000000001">
    <ele>236.94</ele>
   </trkpt>
   <trkpt lat="49.27160000000001" lon="-122.92320000000001">
    <ele>238.6</ele>
   </trkpt>
   <trkpt lat="49.27149000000001" lon="-122.92278">
    <ele>240.39000000000001</ele>
   </trkpt>
   <trkpt lat="49.27152" lon="-122.92243">
    <ele>244.94000000000003</ele>
   </trkpt>
   <trkpt lat="49.27159" lon="-122.92225">
    <ele>245.56000000000003</ele>
   </trkpt>
   <trkpt lat="49.2717" lon="-122.92216">
    <ele>248.14000000000001</ele>
   </trkpt>
   <trkpt lat="49.27188" lon="-122.92229">
    <ele>248.14000000000001</ele>
   </trkpt>
   <trkpt lat="49.271860000000004" lon="-122.92217000000001">
    <ele>252.25000000000003</ele>
   </trkpt>
   <trkpt lat="49.27187000000001" lon="-122.92207">
    <ele>252.25000000000003</ele>
   </trkpt>
   <trkpt lat="49.27194" lon="-122.92207">
    <ele>253.34</ele>
   </trkpt>
   <trkpt lat="49.272020000000005" lon="-122.92216">
    <ele>253.34</ele>
   </trkpt>
   <trkpt lat="49.272090000000006" lon="-122.92216">
    <ele>254.89</ele>
   </trkpt>
   <trkpt lat="49.272130000000004" lon="-122.92207">
    <ele>255.96</ele>
   </trkpt>
   <trkpt lat="49.27215" lon="-122.92198">
    <ele>256.45</ele>
   </trkpt>
   <trkpt lat="49.27212" lon="-122.92184">
    <ele>257.20000000000005</ele>
   </trkpt>
   <trkpt lat="49.272200000000005" lon="-122.92153">
    <ele>258.58000000000004</ele>
   </trkpt>
   <trkpt lat="49.27212" lon="-122.92125000000001">
    <ele>259.21</ele>
   </trkpt>
   <trkpt lat="49.271950000000004" lon="-122.92095">
    <ele>256.79</ele>
   </trkpt>
   <trkpt lat="49.27183" lon="-122.92062000000001">
    <ele>255.72</ele>
   </trkpt>
   <trkpt lat="49.27179" lon="-122.92037">
    <ele>255.5</ele>
   </trkpt>
   <trkpt lat="49.2717" lon="-122.92005">
    <ele>254.91000000000003</ele>
   </trkpt>
   <trkpt lat="49.27168" lon="-122.91984000000001">
    <ele>254.94</ele>
   </trkpt>
   <trkpt lat="49.271620000000006" lon="-122.91961">
    <ele>255.19000000000003</ele>
   </trkpt>
   <trkpt lat="49.27161" lon="-122.91929">
    <ele>255.82000000000005</ele>
   </trkpt>
   <trkpt lat="49.27167000000001" lon="-122.9184">
    <ele>256.17</ele>
   </trkpt>
   <trkpt lat="49.27161" lon="-122.91826">
    <ele>256.04</ele>
   </trkpt>
   <trkpt lat="49.271510000000006" lon="-122.91817">
    <ele>256.40000000000003</ele>
   </trkpt>
   <trkpt lat="49.27147" lon="-122.91807000000001">
    <ele>256.94</ele>
   </trkpt>
   <trkpt lat="49.271460000000005" lon="-122.91795">
    <ele>257.28000000000003</ele>
   </trkpt>
   <trkpt lat="49.271510000000006" lon="-122.91774000000001">
    <ele>256.92</ele>
   </trkpt>
   <trkpt lat="49.271480000000004" lon="-122.91764">
    <ele>256.85</ele>
   </trkpt>
   <trkpt lat="49.271420000000006" lon="-122.9175">
    <ele>256.08000000000004</ele>
   </trkpt>
   <trkpt lat="49.27132" lon="-122.91737">
    <ele>255.07000000000002</ele>
   </trkpt>
   <trkpt lat="49.27123" lon="-122.91714">
    <ele>254.56</ele>
   </trkpt>
   <trkpt lat="49.271170000000005" lon="-122.91692">
    <ele>254.60000000000005</ele>
   </trkpt>
   <trkpt lat="49.271150000000006" lon="-122.91635000000001">
    <ele>255.84</ele>
   </trkpt>
   <trkpt lat="49.27107" lon="-122.91608000000001">
    <ele>255.95000000000002</ele>
   </trkpt>
   <trkpt lat="49.27105" lon="-122.91594">
    <ele>256.01</ele>
   </trkpt>
   <trkpt lat="49.271040000000006" lon="-122.91548000000002">
    <ele>256.31000000000006</ele>
   </trkpt>
   <trkpt lat="49.271040000000006" lon="-122.91535">
    <ele>256.38</ele>
   </trkpt>
   <trkpt lat="49.271" lon="-122.91527">
    <ele>256.55</ele>
   </trkpt>
   <trkpt lat="49.27096" lon="-122.9154">
    <ele>254.93000000000004</ele>
   </trkpt>
   <trkpt lat="49.270880000000005" lon="-122.91531">
    <ele>254.23000000000002</ele>
   </trkpt>
   <trkpt lat="49.270790000000005" lon="-122.91572000000001">
    <ele>248.60000000000002</ele>
   </trkpt>
   <trkpt lat="49.27075000000001" lon="-122.9158">
    <ele>246.91000000000003</ele>
   </trkpt>
   <trkpt lat="49.270700000000005" lon="-122.91585">
    <ele>246.00000000000003</ele>
   </trkpt>
   <trkpt lat="49.27055000000001" lon="-122.91576">
    <ele>241.8</ele>
   </trkpt>
   <trkpt lat="49.27046000000001" lon="-122.91577000000001">
    <ele>240.85</ele>
   </trkpt>
   <trkpt lat="49.270410000000005" lon="-122.91585">
    <ele>239.34000000000003</ele>
   </trkpt>
   <trkpt lat="49.270360000000004" lon="-122.91625">
    <ele>236.47</ele>
   </trkpt>
   <trkpt lat="49.27037000000001" lon="-122.91647">
    <ele>236.04000000000002</ele>
   </trkpt>
   <trkpt lat="49.27037000000001" lon="-122.91671000000001">
    <ele>235.37</ele>
   </trkpt>
   <trkpt lat="49.2704" lon="-122.91704000000001">
    <ele>234.61</ele>
   </trkpt>
   <trkpt lat="49.270360000000004" lon="-122.9175">
    <ele>230.71</ele>
   </trkpt>
   <trkpt lat="49.27033" lon="-122.91760000000001">
    <ele>228.85000000000002</ele>
   </trkpt>
   <trkpt lat="49.270250000000004" lon="-122.91756000000001">
    <ele>228.29000000000002</ele>
   </trkpt>
   <trkpt lat="49.27019000000001" lon="-122.91738000000001">
    <ele>226.29000000000002</ele>
   </trkpt>
   <trkpt lat="49.26988" lon="-122.91687">
    <ele>223.01000000000002</ele>
   </trkpt>
   <trkpt lat="49.26984" lon="-122.91663000000001">
    <ele>222.45000000000002</ele>
   </trkpt>
   <trkpt lat="49.269670000000005" lon="-122.91603">
    <ele>218.73</ele>
   </trkpt>
   <trkpt lat="49.269490000000005" lon="-122.91562">
    <ele>216.10000000000002</ele>
   </trkpt>
   <trkpt lat="49.269360000000006" lon="-122.91527">
    <ele>214.17000000000002</ele>
   </trkpt>
   <trkpt lat="49.269220000000004" lon="-122.91508">
    <ele>210.9</ele>
   </trkpt>
   <trkpt lat="49.26914000000001" lon="-122.91491">
    <ele>209.26000000000002</ele>
   </trkpt>
   <trkpt lat="49.26899" lon="-122.9145">
    <ele>206.5</ele>
   </trkpt>
   <trkpt lat="49.2689" lon="-122.91432">
    <ele>204.47</ele>
   </trkpt>
   <trkpt lat="49.268860000000004" lon="-122.91454000000002">
    <ele>202.77</ele>
   </trkpt>
   <trkpt lat="49.268710000000006" lon="-122.91512000000002">
    <ele>198.88000000000002</ele>
   </trkpt>
   <trkpt lat="49.26868" lon="-122.91530000000002">
    <ele>196.55</ele>
   </trkpt>
   <trkpt lat="49.26856" lon="-122.91513">
    <ele>195.54000000000002</ele>
   </trkpt>
   <trkpt lat="49.268390000000004" lon="-122.91482">
    <ele>193.09</ele>
   </trkpt>
   <trkpt lat="49.268100000000004" lon="-122.91444000000001">
    <ele>188.47000000000003</ele>
   </trkpt>
   <trkpt lat="49.26814" lon="-122.91430000000001">
    <ele>188.62</ele>
   </trkpt>
   <trkpt lat="49.26802000000001" lon="-122.91400000000002">
    <ele>188.82000000000002</ele>
   </trkpt>
   <trkpt lat="49.26812" lon="-122.91361">
    <ele>188.78</ele>
   </trkpt>
   <trkpt lat="49.267830000000004" lon="-122.91276">
    <ele>186.09</ele>
   </trkpt>
   <trkpt lat="49.267860000000006" lon="-122.91248000000002">
    <ele>185.16000000000003</ele>
   </trkpt>
   <trkpt lat="49.26773000000001" lon="-122.91217">
    <ele>182.36</ele>
   </trkpt>
   <trkpt lat="49.26749" lon="-122.91204">
    <ele>178.13</ele>
   </trkpt>
   <trkpt lat="49.267390000000006" lon="-122.91156000000001">
    <ele>174.75</ele>
   </trkpt>
   <trkpt lat="49.267300000000006" lon="-122.91127000000002">
    <ele>172.96</ele>
   </trkpt>
   <trkpt lat="49.26731" lon="-122.91096000000002">
    <ele>171.28</ele>
   </trkpt>
   <trkpt lat="49.267210000000006" lon="-122.91083">
    <ele>170.03</ele>
   </trkpt>
   <trkpt lat="49.26697" lon="-122.91097">
    <ele>164.88000000000002</ele>
   </trkpt>
   <trkpt lat="49.266920000000006" lon="-122.91093000000001">
    <ele>164.23000000000002</ele>
   </trkpt>
   <trkpt lat="49.26688000000001" lon="-122.91083">
    <ele>163.13000000000002</ele>
   </trkpt>
   <trkpt lat="49.266890000000004" lon="-122.9107">
    <ele>162.35000000000002</ele>
   </trkpt>
   <trkpt lat="49.266870000000004" lon="-122.91057">
    <ele>161.81</ele>
   </trkpt>
   <trkpt lat="49.26690000000001" lon="-122.91052">
    <ele>161.81</ele>
   </trkpt>
   <trkpt lat="49.26695" lon="-122.90994">
    <ele>159.35999999999999</ele>
   </trkpt>
   <trkpt lat="49.26699000000001" lon="-122.90987000000001">
    <ele>159.35999999999999</ele>
   </trkpt>
   <trkpt lat="49.267030000000005" lon="-122.90917">
    <ele>154.79000000000002</ele>
   </trkpt>
   <trkpt lat="49.26702" lon="-122.90913">
    <ele>154.79000000000002</ele>
   </trkpt>
   <trkpt lat="49.26695" lon="-122.90917">
    <ele>154.32000000000002</ele>
   </trkpt>
   <trkpt lat="49.266920000000006" lon="-122.90909">
    <ele>153.89</ele>
   </trkpt>
   <trkpt lat="49.266980000000004" lon="-122.90886">
    <ele>152.3</ele>
   </trkpt>
   <trkpt lat="49.267" lon="-122.9086">
    <ele>149.94000000000003</ele>
   </trkpt>
   <trkpt lat="49.26697" lon="-122.90855">
    <ele>148.48</ele>
   </trkpt>
   <trkpt lat="49.26702" lon="-122.90832">
    <ele>146.23</ele>
   </trkpt>
   <trkpt lat="49.267010000000006" lon="-122.90827000000002">
    <ele>146.23</ele>
   </trkpt>
   <trkpt lat="49.26697" lon="-122.90828">
    <ele>146.23</ele>
   </trkpt>
   <trkpt lat="49.26681000000001" lon="-122.90841">
    <ele>142.68</ele>
   </trkpt>
   <trkpt lat="49.266650000000006" lon="-122.90827000000002">
    <ele>138.6</ele>
   </trkpt>
   <trkpt lat="49.266670000000005" lon="-122.90798000000001">
    <ele>135.70000000000002</ele>
   </trkpt>
   <trkpt lat="49.26662" lon="-122.90788">
    <ele>134.9</ele>
   </trkpt>
   <trkpt lat="49.266540000000006" lon="-122.90782000000002">
    <ele>132.87</ele>
   </trkpt>
   <trkpt lat="49.26653" lon="-122.90776000000001">
    <ele>132.87</ele>
   </trkpt>
   <trkpt lat="49.26653" lon="-122.90765">
    <ele>130.54000000000002</ele>
   </trkpt>
   <trkpt lat="49.26657" lon="-122.90753000000001">
    <ele>129.82000000000002</ele>
   </trkpt>
   <trkpt lat="49.266600000000004" lon="-122.90741000000001">
    <ele>128.63000000000002</ele>
   </trkpt>
   <trkpt lat="49.266890000000004" lon="-122.90629000000001">
    <ele>120.70000000000002</ele>
   </trkpt>
   <trkpt lat="49.26721001127124" lon="-122.90514668153307">
    <ele>111.80000000000001</ele>
   </trkpt>
   <trkpt lat="49.26753001126137" lon="-122.90400334823526">
    <ele>103.64000000000001</ele>
   </trkpt>
   <trkpt lat="49.26785" lon="-122.90286">
    <ele>95.08000000000001</ele>
   </trkpt>
   <trkpt lat="49.26793000000001" lon="-122.90248000000001">
    <ele>93.82000000000001</ele>
   </trkpt>
   <trkpt lat="49.267950000000006" lon="-122.90232">
    <ele>93.59</ele>
   </trkpt>
   <trkpt lat="49.2682300035909" lon="-122.90140000542262">
    <ele>92.04</ele>
   </trkpt>
   <trkpt lat="49.268510000000006" lon="-122.90048000000002">
    <ele>89.35000000000001</ele>
   </trkpt>
   <trkpt lat="49.26871000246144" lon="-122.89972500305383">
    <ele>89.7</ele>
   </trkpt>
   <trkpt lat="49.268910000000005" lon="-122.89897">
    <ele>90.81</ele>
   </trkpt>
   <trkpt lat="49.268950000000004" lon="-122.89896000000002">
    <ele>90.81</ele>
   </trkpt>
   <trkpt lat="49.26899" lon="-122.89892">
    <ele>90.52</ele>
   </trkpt>
   <trkpt lat="49.26921" lon="-122.89825">
    <ele>91.34</ele>
   </trkpt>
   <trkpt lat="49.26903" lon="-122.89805000000001">
    <ele>96.21000000000001</ele>
   </trkpt>
   <trkpt lat="49.268660000000004" lon="-122.89821">
    <ele>93.24</ele>
   </trkpt>
   <trkpt lat="49.2681750010464" lon="-122.89868000452988">
    <ele>86.66</ele>
   </trkpt>
   <trkpt lat="49.26769" lon="-122.89915">
    <ele>80.12</ele>
   </trkpt>
   <trkpt lat="49.26749" lon="-122.8991">
    <ele>78.07</ele>
   </trkpt>
   <trkpt lat="49.267340000000004" lon="-122.89890000000001">
    <ele>76.61000000000001</ele>
   </trkpt>
   <trkpt lat="49.267300000000006" lon="-122.89889000000001">
    <ele>76.61000000000001</ele>
   </trkpt>
   <trkpt lat="49.26717000000001" lon="-122.89897">
    <ele>76.15</ele>
   </trkpt>
   <trkpt lat="49.26713" lon="-122.89896000000002">
    <ele>76.15</ele>
   </trkpt>
   <trkpt lat="49.26697" lon="-122.89882000000001">
    <ele>75.11000000000001</ele>
   </trkpt>
   <trkpt lat="49.26671" lon="-122.89874">
    <ele>73.54</ele>
   </trkpt>
   <trkpt lat="49.26646" lon="-122.89855000000001">
    <ele>72.73</ele>
   </trkpt>
   <trkpt lat="49.26646" lon="-122.89854000000001">
    <ele>72.69</ele>
   </trkpt>
   <trkpt lat="49.26644" lon="-122.89852">
    <ele>72.69</ele>
   </trkpt>
   <trkpt lat="49.2661" lon="-122.89794">
    <ele>70.28</ele>
   </trkpt>
   <trkpt lat="49.266040000000004" lon="-122.89771">
    <ele>69.60000000000001</ele>
   </trkpt>
   <trkpt lat="49.26605000000001" lon="-122.89766000000002">
    <ele>69.60000000000001</ele>
   </trkpt>
   <trkpt lat="49.2659" lon="-122.89704">
    <ele>68.17</ele>
   </trkpt>
   <trkpt lat="49.26596000000001" lon="-122.89655">
    <ele>67.77000000000001</ele>
   </trkpt>
   <trkpt lat="49.266200000000005" lon="-122.89601">
    <ele>69.0</ele>
   </trkpt>
   <trkpt lat="49.266310000000004" lon="-122.89556">
    <ele>69.28</ele>
   </trkpt>
   <trkpt lat="49.26633" lon="-122.89526000000001">
    <ele>69.5</ele>
   </trkpt>
   <trkpt lat="49.266270000000006" lon="-122.89517000000001">
    <ele>69.69</ele>
   </trkpt>
   <trkpt lat="49.26624" lon="-122.89503">
    <ele>69.69</ele>
   </trkpt>
   <trkpt lat="49.266310000000004" lon="-122.89472">
    <ele>70.26</ele>
   </trkpt>
   <trkpt lat="49.26632000000001" lon="-122.89428000000001">
    <ele>71.15</ele>
   </trkpt>
   <trkpt lat="49.266380000000005" lon="-122.89365000000001">
    <ele>72.86000000000001</ele>
   </trkpt>
   <trkpt lat="49.26659" lon="-122.89378">
    <ele>75.13</ele>
   </trkpt>
   <trkpt lat="49.26684" lon="-122.89377">
    <ele>79.56</ele>
   </trkpt>
   <trkpt lat="49.26708000000001" lon="-122.89387">
    <ele>80.91000000000001</ele>
   </trkpt>
   <trkpt lat="49.26722" lon="-122.89391">
    <ele>81.39</ele>
   </trkpt>
   <trkpt lat="49.267300000000006" lon="-122.89395">
    <ele>81.80000000000001</ele>
   </trkpt>
   <trkpt lat="49.26751" lon="-122.89422">
    <ele>83.21000000000001</ele>
   </trkpt>
   <trkpt lat="49.26796" lon="-122.89436">
    <ele>89.52</ele>
   </trkpt>
   <trkpt lat="49.268060000000006" lon="-122.89436">
    <ele>91.26</ele>
   </trkpt>
   <trkpt lat="49.26832" lon="-122.89418">
    <ele>97.21000000000001</ele>
   </trkpt>
   <trkpt lat="49.268510000000006" lon="-122.89417000000002">
    <ele>100.71000000000001</ele>
   </trkpt>
   <trkpt lat="49.268600000000006" lon="-122.89422">
    <ele>101.88000000000001</ele>
   </trkpt>
   <trkpt lat="49.26876000000001" lon="-122.89441000000001">
    <ele>103.95000000000002</ele>
   </trkpt>
   <trkpt lat="49.26908" lon="-122.89462">
    <ele>110.85000000000001</ele>
   </trkpt>
   <trkpt lat="49.269220000000004" lon="-122.89462">
    <ele>110.85000000000001</ele>
   </trkpt>
   <trkpt lat="49.269420000000004" lon="-122.89445">
    <ele>114.03</ele>
   </trkpt>
   <trkpt lat="49.269690000000004" lon="-122.89441000000001">
    <ele>116.99000000000001</ele>
   </trkpt>
   <trkpt lat="49.269870000000004" lon="-122.89444">
    <ele>119.92000000000002</ele>
   </trkpt>
   <trkpt lat="49.27013" lon="-122.89462">
    <ele>122.91</ele>
   </trkpt>
   <trkpt lat="49.270210000000006" lon="-122.89462">
    <ele>123.29</ele>
   </trkpt>
   <trkpt lat="49.270270000000004" lon="-122.89448000000002">
    <ele>123.97000000000001</ele>
   </trkpt>
   <trkpt lat="49.27015" lon="-122.89494">
    <ele>121.96000000000001</ele>
   </trkpt>
   <trkpt lat="49.270030000000006" lon="-122.89521">
    <ele>117.56</ele>
   </trkpt>
   <trkpt lat="49.27" lon="-122.89541000000001">
    <ele>117.56</ele>
   </trkpt>
   <trkpt lat="49.270230000000005" lon="-122.89565">
    <ele>118.69</ele>
   </trkpt>
   <trkpt lat="49.270390000000006" lon="-122.89569000000002">
    <ele>120.33</ele>
   </trkpt>
   <trkpt lat="49.27087" lon="-122.89569000000002">
    <ele>124.53000000000002</ele>
   </trkpt>
   <trkpt lat="49.27143" lon="-122.89574">
    <ele>131.21</ele>
   </trkpt>
   <trkpt lat="49.27161" lon="-122.8957">
    <ele>134.92000000000002</ele>
   </trkpt>
   <trkpt lat="49.27199" lon="-122.89556">
    <ele>136.92000000000002</ele>
   </trkpt>
   <trkpt lat="49.272330000000004" lon="-122.89551000000002">
    <ele>142.4</ele>
   </trkpt>
   <trkpt lat="49.272510000000004" lon="-122.89541000000001">
    <ele>143.26</ele>
   </trkpt>
   <trkpt lat="49.27259" lon="-122.89552">
    <ele>144.0</ele>
   </trkpt>
   <trkpt lat="49.27277" lon="-122.89554000000001">
    <ele>144.87</ele>
   </trkpt>
   <trkpt lat="49.27302" lon="-122.89550000000001">
    <ele>146.33</ele>
   </trkpt>
   <trkpt lat="49.273230000000005" lon="-122.89551000000002">
    <ele>147.26</ele>
   </trkpt>
   <trkpt lat="49.27353" lon="-122.89556">
    <ele>148.89000000000001</ele>
   </trkpt>
   <trkpt lat="49.27365" lon="-122.89561">
    <ele>149.77</ele>
   </trkpt>
   <trkpt lat="49.27402000000001" lon="-122.89583">
    <ele>155.21</ele>
   </trkpt>
   <trkpt lat="49.274210000000004" lon="-122.89587000000002">
    <ele>156.63000000000002</ele>
   </trkpt>
   <trkpt lat="49.27474" lon="-122.89580000000001">
    <ele>160.3</ele>
   </trkpt>
   <trkpt lat="49.27506" lon="-122.89580000000001">
    <ele>162.99</ele>
   </trkpt>
   <trkpt lat="49.275599999971064" lon="-122.8958349996146">
    <ele>166.89000000000001</ele>
   </trkpt>
   <trkpt lat="49.276140000000005" lon="-122.89587000000002">
    <ele>170.37</ele>
   </trkpt>
   <trkpt lat="49.2764" lon="-122.89579">
    <ele>173.07</ele>
   </trkpt>
   <trkpt lat="49.27697500015109" lon="-122.89587999896897">
    <ele>182.02</ele>
   </trkpt>
   <trkpt lat="49.277550000000005" lon="-122.89597">
    <ele>186.72000000000003</ele>
   </trkpt>
   <trkpt lat="49.277660000000004" lon="-122.89590000000001">
    <ele>188.21</ele>
   </trkpt>
   <trkpt lat="49.27788" lon="-122.89588">
    <ele>188.97000000000003</ele>
   </trkpt>
   <trkpt lat="49.278470000000006" lon="-122.89597">
    <ele>190.36</ele>
   </trkpt>
   <trkpt lat="49.278890000000004" lon="-122.89614000000002">
    <ele>191.05</ele>
   </trkpt>
   <trkpt lat="49.279140000000005" lon="-122.89619">
    <ele>190.89</ele>
   </trkpt>
   <trkpt lat="49.27933" lon="-122.89629000000001">
    <ele>191.03</ele>
   </trkpt>
   <trkpt lat="49.279880000000006" lon="-122.89646">
    <ele>189.63000000000002</ele>
   </trkpt>
   <trkpt lat="49.279970000000006" lon="-122.89651">
    <ele>189.69000000000003</ele>
   </trkpt>
   <trkpt lat="49.28009" lon="-122.89663000000002">
    <ele>189.84</ele>
   </trkpt>
   <trkpt lat="49.280100000000004" lon="-122.89677">
    <ele>190.51000000000002</ele>
   </trkpt>
   <trkpt lat="49.28014" lon="-122.89687">
    <ele>192.0</ele>
   </trkpt>
   <trkpt lat="49.280260000000006" lon="-122.897">
    <ele>192.34</ele>
   </trkpt>
   <trkpt lat="49.28032" lon="-122.89713">
    <ele>192.95000000000002</ele>
   </trkpt>
   <trkpt lat="49.28047" lon="-122.89776">
    <ele>196.13000000000002</ele>
   </trkpt>
   <trkpt lat="49.280570000000004" lon="-122.8987">
    <ele>206.87000000000003</ele>
   </trkpt>
   <trkpt lat="49.28063" lon="-122.8991">
    <ele>211.25000000000003</ele>
   </trkpt>
   <trkpt lat="49.280680000000004" lon="-122.89932">
    <ele>213.55</ele>
   </trkpt>
   <trkpt lat="49.280950000000004" lon="-122.89996000000001">
    <ele>219.24</ele>
   </trkpt>
   <trkpt lat="49.28128" lon="-122.90089">
    <ele>228.82000000000002</ele>
   </trkpt>
   <trkpt lat="49.28144500199323" lon="-122.90155999798714">
    <ele>233.45000000000002</ele>
   </trkpt>
   <trkpt lat="49.28161" lon="-122.90223">
    <ele>238.17000000000002</ele>
   </trkpt>
   <trkpt lat="49.281890000000004" lon="-122.90313">
    <ele>243.37000000000003</ele>
   </trkpt>
   <trkpt lat="49.282050000000005" lon="-122.90377000000001">
    <ele>247.96</ele>
   </trkpt>
   <trkpt lat="49.282160000000005" lon="-122.90438">
    <ele>251.56</ele>
   </trkpt>
   <trkpt lat="49.28206" lon="-122.90475">
    <ele>254.23000000000002</ele>
   </trkpt>
   <trkpt lat="49.28210000000001" lon="-122.90479">
    <ele>255.52</ele>
   </trkpt>
   <trkpt lat="49.28217" lon="-122.90483">
    <ele>256.0</ele>
   </trkpt>
   <trkpt lat="49.28219000000001" lon="-122.90493000000001">
    <ele>256.56</ele>
   </trkpt>
   <trkpt lat="49.282180000000004" lon="-122.90506">
    <ele>257.91</ele>
   </trkpt>
   <trkpt lat="49.28211" lon="-122.90528">
    <ele>262.07</ele>
   </trkpt>
   <trkpt lat="49.282090000000004" lon="-122.90541">
    <ele>262.07</ele>
   </trkpt>
   <trkpt lat="49.28211" lon="-122.90551">
    <ele>265.40000000000003</ele>
   </trkpt>
   <trkpt lat="49.28224" lon="-122.90559">
    <ele>267.21</ele>
   </trkpt>
   <trkpt lat="49.282300000000006" lon="-122.90569">
    <ele>267.21</ele>
   </trkpt>
   <trkpt lat="49.28233" lon="-122.90635">
    <ele>277.91</ele>
   </trkpt>
   <trkpt lat="49.28249" lon="-122.90668000000001">
    <ele>277.87</ele>
   </trkpt>
   <trkpt lat="49.282560000000004" lon="-122.90689">
    <ele>278.09</ele>
   </trkpt>
   <trkpt lat="49.282630000000005" lon="-122.9073">
    <ele>279.68</ele>
   </trkpt>
   <trkpt lat="49.282740000000004" lon="-122.90765">
    <ele>281.14</ele>
   </trkpt>
   <trkpt lat="49.28287" lon="-122.90838000000001">
    <ele>283.58</ele>
   </trkpt>
   <trkpt lat="49.28287" lon="-122.90859">
    <ele>284.40000000000003</ele>
   </trkpt>
   <trkpt lat="49.28285" lon="-122.90877">
    <ele>284.71000000000004</ele>
   </trkpt>
   <trkpt lat="49.282790000000006" lon="-122.90896000000001">
    <ele>284.95000000000005</ele>
   </trkpt>
   <trkpt lat="49.28247" lon="-122.90944">
    <ele>287.1</ele>
   </trkpt>
   <trkpt lat="49.28235" lon="-122.90959000000001">
    <ele>288.79</ele>
   </trkpt>
   <trkpt lat="49.28215" lon="-122.90977000000001">
    <ele>294.19</ele>
   </trkpt>
   <trkpt lat="49.28211" lon="-122.90985">
    <ele>294.96</ele>
   </trkpt>
   <trkpt lat="49.28206" lon="-122.91007">
    <ele>296.64</ele>
   </trkpt>
   <trkpt lat="49.28190000000001" lon="-122.91038">
    <ele>298.94000000000005</ele>
   </trkpt>
   <trkpt lat="49.28175" lon="-122.91087000000002">
    <ele>295.95000000000005</ele>
   </trkpt>
   <trkpt lat="49.281580000000005" lon="-122.91111000000001">
    <ele>292.04</ele>
   </trkpt>
   <trkpt lat="49.281620000000004" lon="-122.91128">
    <ele>290.29</ele>
   </trkpt>
   <trkpt lat="49.28177" lon="-122.91146">
    <ele>288.75</ele>
   </trkpt>
   <trkpt lat="49.281740000000006" lon="-122.91204">
    <ele>286.23</ele>
   </trkpt>
   <trkpt lat="49.28182" lon="-122.91209">
    <ele>286.23</ele>
   </trkpt>
   <trkpt lat="49.282050000000005" lon="-122.91205000000001">
    <ele>285.1</ele>
   </trkpt>
   <trkpt lat="49.28215" lon="-122.91213">
    <ele>283.5</ele>
   </trkpt>
   <trkpt lat="49.282230000000006" lon="-122.91230000000002">
    <ele>282.58</ele>
   </trkpt>
   <trkpt lat="49.28228000000001" lon="-122.91248000000002">
    <ele>281.38</ele>
   </trkpt>
   <trkpt lat="49.28229" lon="-122.91286000000001">
    <ele>280.86</ele>
   </trkpt>
   <trkpt lat="49.28226" lon="-122.91312">
    <ele>282.62</ele>
   </trkpt>
   <trkpt lat="49.28210000000001" lon="-122.91369000000002">
    <ele>289.12000000000006</ele>
   </trkpt>
   <trkpt lat="49.28208" lon="-122.91388">
    <ele>291.01000000000005</ele>
   </trkpt>
   <trkpt lat="49.28199000000001" lon="-122.91432">
    <ele>294.57</ele>
   </trkpt>
   <trkpt lat="49.281800000000004" lon="-122.91482">
    <ele>301.74</ele>
   </trkpt>
   <trkpt lat="49.28168" lon="-122.91558">
    <ele>305.13</ele>
   </trkpt>
   <trkpt lat="49.28154000000001" lon="-122.91589">
    <ele>308.06</ele>
   </trkpt>
   <trkpt lat="49.28152000000001" lon="-122.91607">
    <ele>308.08000000000004</ele>
   </trkpt>
   <trkpt lat="49.281560000000006" lon="-122.91634">
    <ele>307.53000000000003</ele>
   </trkpt>
   <trkpt lat="49.281510000000004" lon="-122.91687">
    <ele>307.52</ele>
   </trkpt>
   <trkpt lat="49.281400000000005" lon="-122.91732">
    <ele>309.29</ele>
   </trkpt>
   <trkpt lat="49.281180000000006" lon="-122.91777">
    <ele>316.14000000000004</ele>
   </trkpt>
   <trkpt lat="49.28079" lon="-122.91881000000001">
    <ele>319.01</ele>
   </trkpt>
   <trkpt lat="49.28072" lon="-122.91925">
    <ele>320.01</ele>
   </trkpt>
   <trkpt lat="49.280620000000006" lon="-122.91961">
    <ele>321.27</ele>
   </trkpt>
   <trkpt lat="49.28060000000001" lon="-122.91973000000002">
    <ele>321.56</ele>
   </trkpt>
   <trkpt lat="49.28063" lon="-122.91991000000002">
    <ele>321.49000000000007</ele>
   </trkpt>
   <trkpt lat="49.280680000000004" lon="-122.92001">
    <ele>321.32000000000005</ele>
   </trkpt>
   <trkpt lat="49.28089000000001" lon="-122.92014">
    <ele>317.54</ele>
   </trkpt>
   <trkpt lat="49.2811" lon="-122.92060000000001">
    <ele>313.05000000000007</ele>
   </trkpt>
   <trkpt lat="49.281330000000004" lon="-122.9209">
    <ele>307.76000000000005</ele>
   </trkpt>
   <trkpt lat="49.28148" lon="-122.92121000000002">
    <ele>306.05</ele>
   </trkpt>
   <trkpt lat="49.28168" lon="-122.92175">
    <ele>300.62</ele>
   </trkpt>
   <trkpt lat="49.28196000438762" lon="-122.92276499402861">
    <ele>295.84000000000003</ele>
   </trkpt>
   <trkpt lat="49.28224" lon="-122.92378000000001">
    <ele>291.61</ele>
   </trkpt>
   <trkpt lat="49.28228000000001" lon="-122.92417">
    <ele>291.68000000000006</ele>
   </trkpt>
   <trkpt lat="49.282270000000004" lon="-122.92507">
    <ele>294.04</ele>
   </trkpt>
   <trkpt lat="49.28229" lon="-122.92565">
    <ele>296.3</ele>
   </trkpt>
   <trkpt lat="49.282270000000004" lon="-122.92611000000001">
    <ele>299.15000000000003</ele>
   </trkpt>
   <trkpt lat="49.282230000000006" lon="-122.92655">
    <ele>300.54</ele>
   </trkpt>
   <trkpt lat="49.282140000000005" lon="-122.92703000000002">
    <ele>301.99</ele>
   </trkpt>
   <trkpt lat="49.282270000000004" lon="-122.92744">
    <ele>301.75</ele>
   </trkpt>
   <trkpt lat="49.28229" lon="-122.92758">
    <ele>302.21000000000004</ele>
   </trkpt>
   <trkpt lat="49.28228000000001" lon="-122.92779000000002">
    <ele>303.34</ele>
   </trkpt>
   <trkpt lat="49.282180000000004" lon="-122.92821">
    <ele>306.48</ele>
   </trkpt>
   <trkpt lat="49.282140000000005" lon="-122.92833000000002">
    <ele>307.85</ele>
   </trkpt>
   <trkpt lat="49.28202" lon="-122.92847">
    <ele>310.8</ele>
   </trkpt>
   <trkpt lat="49.281980000000004" lon="-122.92856">
    <ele>311.45</ele>
   </trkpt>
   <trkpt lat="49.281710000000004" lon="-122.92968">
    <ele>319.70000000000005</ele>
   </trkpt>
   <trkpt lat="49.28164" lon="-122.92981">
    <ele>320.73</ele>
   </trkpt>
   <trkpt lat="49.28154000000001" lon="-122.92995">
    <ele>321.85</ele>
   </trkpt>
   <trkpt lat="49.28143000000001" lon="-122.93002000000001">
    <ele>323.78000000000003</ele>
   </trkpt>
   <trkpt lat="49.28143000000001" lon="-122.93003000000002">
    <ele>323.89</ele>
   </trkpt>
   <trkpt lat="49.281330000000004" lon="-122.93009">
    <ele>325.16</ele>
   </trkpt>
   <trkpt lat="49.281240000000004" lon="-122.93048000000002">
    <ele>326.92</ele>
   </trkpt>
   <trkpt lat="49.281150000000004" lon="-122.93070000000002">
    <ele>326.79</ele>
   </trkpt>
   <trkpt lat="49.28099" lon="-122.93107">
    <ele>324.65000000000003</ele>
   </trkpt>
   <trkpt lat="49.280820000000006" lon="-122.93134">
    <ele>323.59999999999997</ele>
   </trkpt>
   <trkpt lat="49.280480000000004" lon="-122.93214">
    <ele>322.37000000000006</ele>
   </trkpt>
   <trkpt lat="49.280330000000006" lon="-122.93226000000001">
    <ele>322.22</ele>
   </trkpt>
   <trkpt lat="49.280300000000004" lon="-122.93232">
    <ele>321.88</ele>
   </trkpt>
   <trkpt lat="49.280280000000005" lon="-122.93246">
    <ele>321.46000000000004</ele>
   </trkpt>
   <trkpt lat="49.28027" lon="-122.93293000000001">
    <ele>319.12</ele>
   </trkpt>
   <trkpt lat="49.279970000000006" lon="-122.93378000000001">
    <ele>306.72</ele>
   </trkpt>
   <trkpt lat="49.27996" lon="-122.93379000000002">
    <ele>306.55</ele>
   </trkpt>
   <trkpt lat="49.28027" lon="-122.93293000000001">
    <ele>319.12</ele>
   </trkpt>
   <trkpt lat="49.280280000000005" lon="-122.93246">
    <ele>321.46000000000004</ele>
   </trkpt>
   <trkpt lat="49.280300000000004" lon="-122.93232">
    <ele>322.22</ele>
   </trkpt>
   <trkpt lat="49.280330000000006" lon="-122.93226000000001">
    <ele>322.22</ele>
   </trkpt>
   <trkpt lat="49.280480000000004" lon="-122.93214">
    <ele>322.37000000000006</ele>
   </trkpt>
   <trkpt lat="49.280820000000006" lon="-122.93134">
    <ele>323.70000000000005</ele>
   </trkpt>
   <trkpt lat="49.28099" lon="-122.93107">
    <ele>324.65000000000003</ele>
   </trkpt>
   <trkpt lat="49.281240000000004" lon="-122.93048000000002">
    <ele>326.92</ele>
   </trkpt>
   <trkpt lat="49.281330000000004" lon="-122.93009">
    <ele>325.16</ele>
   </trkpt>
   <trkpt lat="49.28136000000001" lon="-122.92976000000002">
    <ele>325.26000000000005</ele>
   </trkpt>
   <trkpt lat="49.28146" lon="-122.92923">
    <ele>326.3</ele>
   </trkpt>
   <trkpt lat="49.281490000000005" lon="-122.92890000000001">
    <ele>326.6</ele>
   </trkpt>
   <trkpt lat="49.28145000000001" lon="-122.92840000000001">
    <ele>327.37000000000006</ele>
   </trkpt>
   <trkpt lat="49.28135" lon="-122.92786000000001">
    <ele>329.0</ele>
   </trkpt>
   <trkpt lat="49.28139500224782" lon="-122.92714000047953">
    <ele>330.62</ele>
   </trkpt>
   <trkpt lat="49.28144" lon="-122.92642000000001">
    <ele>331.89</ele>
   </trkpt>
   <trkpt lat="49.281310000000005" lon="-122.92525">
    <ele>333.79</ele>
   </trkpt>
   <trkpt lat="49.281220000000005" lon="-122.92467">
    <ele>334.23</ele>
   </trkpt>
   <trkpt lat="49.281075002364354" lon="-122.92392999783254">
    <ele>334.58000000000004</ele>
   </trkpt>
   <trkpt lat="49.280930000000005" lon="-122.92319">
    <ele>334.98</ele>
   </trkpt>
   <trkpt lat="49.280640000000005" lon="-122.92240000000001">
    <ele>335.8</ele>
   </trkpt>
   <trkpt lat="49.28054" lon="-122.92219000000001">
    <ele>335.81000000000006</ele>
   </trkpt>
   <trkpt lat="49.280460000000005" lon="-122.92186000000001">
    <ele>335.85</ele>
   </trkpt>
   <trkpt lat="49.280340002683374" lon="-122.92106999801551">
    <ele>336.22</ele>
   </trkpt>
   <trkpt lat="49.28022000000001" lon="-122.92028">
    <ele>337.11</ele>
   </trkpt>
   <trkpt lat="49.280100000000004" lon="-122.92032">
    <ele>337.12</ele>
   </trkpt>
   <trkpt lat="49.280080000000005" lon="-122.92028">
    <ele>337.16</ele>
   </trkpt>
   <trkpt lat="49.279970000000006" lon="-122.92032">
    <ele>337.41</ele>
   </trkpt>
   <trkpt lat="49.279830000000004" lon="-122.92045000000002">
    <ele>337.41</ele>
   </trkpt>
   <trkpt lat="49.279700000000005" lon="-122.92055">
    <ele>337.97</ele>
   </trkpt>
   <trkpt lat="49.27969" lon="-122.92049000000002">
    <ele>338.06</ele>
   </trkpt>
   <trkpt lat="49.279360000000004" lon="-122.92060000000001">
    <ele>338.04</ele>
   </trkpt>
   <trkpt lat="49.27935" lon="-122.92069000000001">
    <ele>337.77</ele>
   </trkpt>
   <trkpt lat="49.27926" lon="-122.92069000000001">
    <ele>337.4200000000001</ele>
   </trkpt>
   <trkpt lat="49.278850000000006" lon="-122.92060000000001">
    <ele>335.82</ele>
   </trkpt>
   <trkpt lat="49.278380000000006" lon="-122.92080000000001">
    <ele>332.5</ele>
   </trkpt>
   <trkpt lat="49.27832" lon="-122.92084000000001">
    <ele>332.16</ele>
   </trkpt>
   <trkpt lat="49.278240000000004" lon="-122.92086">
    <ele>331.88</ele>
   </trkpt>
   <trkpt lat="49.27808" lon="-122.92095">
    <ele>330.75000000000006</ele>
   </trkpt>
   <trkpt lat="49.27803" lon="-122.92102000000001">
    <ele>330.43</ele>
   </trkpt>
   <trkpt lat="49.27792" lon="-122.92075000000001">
    <ele>330.34000000000003</ele>
   </trkpt>
   <trkpt lat="49.277950000000004" lon="-122.92060000000001">
    <ele>330.54</ele>
   </trkpt>
   <trkpt lat="49.2779" lon="-122.92060000000001">
    <ele>330.42</ele>
   </trkpt>
   <trkpt lat="49.27783" lon="-122.92055">
    <ele>330.42</ele>
   </trkpt>
   <trkpt lat="49.27767" lon="-122.92037">
    <ele>330.51</ele>
   </trkpt>
   <trkpt lat="49.27729" lon="-122.91929">
    <ele>332.44</ele>
   </trkpt>
   <trkpt lat="49.27729" lon="-122.91926000000001">
    <ele>332.44</ele>
   </trkpt>
   <trkpt lat="49.27725" lon="-122.91916">
    <ele>332.53000000000003</ele>
   </trkpt>
   <trkpt lat="49.27722000000001" lon="-122.91919000000001">
    <ele>332.56</ele>
   </trkpt>
   <trkpt lat="49.277170000000005" lon="-122.91910000000001">
    <ele>332.69000000000005</ele>
   </trkpt>
   <trkpt lat="49.27702000000001" lon="-122.91924000000002">
    <ele>332.54</ele>
   </trkpt>
   <trkpt lat="49.27693000000001" lon="-122.91926000000001">
    <ele>331.93</ele>
   </trkpt>
   <trkpt lat="49.27676" lon="-122.91934">
    <ele>330.43</ele>
   </trkpt>
   <trkpt lat="49.276630000000004" lon="-122.91952">
    <ele>326.24</ele>
   </trkpt>
   <trkpt lat="49.27649" lon="-122.91954000000001">
    <ele>323.20000000000005</ele>
   </trkpt>
   <trkpt lat="49.276320000000005" lon="-122.9193">
    <ele>321.21000000000004</ele>
   </trkpt>
   <trkpt lat="49.276230000000005" lon="-122.91911">
    <ele>320.34000000000003</ele>
   </trkpt>
   <trkpt lat="49.276050000000005" lon="-122.91894">
    <ele>319.90000000000003</ele>
   </trkpt>
   <trkpt lat="49.276030000000006" lon="-122.9188">
    <ele>320.20000000000005</ele>
   </trkpt>
   <trkpt lat="49.276050000000005" lon="-122.91866000000002">
    <ele>320.65000000000003</ele>
   </trkpt>
   <trkpt lat="49.27591" lon="-122.91844">
    <ele>319.14000000000004</ele>
   </trkpt>
   <trkpt lat="49.275850000000005" lon="-122.9184">
    <ele>316.39</ele>
   </trkpt>
   <trkpt lat="49.2757" lon="-122.91844">
    <ele>314.89</ele>
   </trkpt>
   <trkpt lat="49.27559" lon="-122.91837000000001">
    <ele>313.09000000000003</ele>
   </trkpt>
   <trkpt lat="49.275580000000005" lon="-122.91832000000001">
    <ele>313.02000000000004</ele>
   </trkpt>
   <trkpt lat="49.27544" lon="-122.91831">
    <ele>311.78</ele>
   </trkpt>
   <trkpt lat="49.27532" lon="-122.91810000000001">
    <ele>311.69</ele>
   </trkpt>
   <trkpt lat="49.2753" lon="-122.91789000000001">
    <ele>312.44000000000005</ele>
   </trkpt>
   <trkpt lat="49.27526" lon="-122.91778000000001">
    <ele>312.38000000000005</ele>
   </trkpt>
   <trkpt lat="49.27517" lon="-122.91769000000001">
    <ele>311.79</ele>
   </trkpt>
   <trkpt lat="49.27505000000001" lon="-122.91764">
    <ele>310.47</ele>
   </trkpt>
   <trkpt lat="49.27488" lon="-122.91746">
    <ele>309.38000000000005</ele>
   </trkpt>
   <trkpt lat="49.274710000000006" lon="-122.91733">
    <ele>307.96</ele>
   </trkpt>
   <trkpt lat="49.27465" lon="-122.91726000000001">
    <ele>307.67</ele>
   </trkpt>
   <trkpt lat="49.27456" lon="-122.91714">
    <ele>307.28</ele>
   </trkpt>
   <trkpt lat="49.27449000000001" lon="-122.91676000000001">
    <ele>307.63</ele>
   </trkpt>
   <trkpt lat="49.274420000000006" lon="-122.91671000000001">
    <ele>307.63</ele>
   </trkpt>
   <trkpt lat="49.27440000000001" lon="-122.91661">
    <ele>307.88000000000005</ele>
   </trkpt>
   <trkpt lat="49.27441" lon="-122.91647">
    <ele>307.98</ele>
   </trkpt>
   <trkpt lat="49.274370000000005" lon="-122.91625">
    <ele>308.21000000000004</ele>
   </trkpt>
   <trkpt lat="49.274190000000004" lon="-122.91597000000002">
    <ele>307.96</ele>
   </trkpt>
   <trkpt lat="49.27414" lon="-122.91581000000001">
    <ele>307.69</ele>
   </trkpt>
   <trkpt lat="49.27412" lon="-122.91562">
    <ele>307.19</ele>
   </trkpt>
   <trkpt lat="49.27409" lon="-122.91553">
    <ele>306.77000000000004</ele>
   </trkpt>
   <trkpt lat="49.27398" lon="-122.91544">
    <ele>306.15000000000003</ele>
   </trkpt>
   <trkpt lat="49.273810000000005" lon="-122.91544">
    <ele>303.3</ele>
   </trkpt>
   <trkpt lat="49.27353" lon="-122.91526">
    <ele>300.87</ele>
   </trkpt>
   <trkpt lat="49.27329" lon="-122.91523000000001">
    <ele>297.1</ele>
   </trkpt>
   <trkpt lat="49.2732" lon="-122.91517">
    <ele>295.98</ele>
   </trkpt>
   <trkpt lat="49.273160000000004" lon="-122.91509">
    <ele>295.58</ele>
   </trkpt>
   <trkpt lat="49.27310000000001" lon="-122.91481000000002">
    <ele>294.82</ele>
   </trkpt>
   <trkpt lat="49.27297" lon="-122.91441">
    <ele>294.14</ele>
   </trkpt>
   <trkpt lat="49.27291" lon="-122.91429000000001">
    <ele>293.86</ele>
   </trkpt>
   <trkpt lat="49.27266" lon="-122.91414">
    <ele>291.02</ele>
   </trkpt>
   <trkpt lat="49.27262" lon="-122.91419">
    <ele>290.33000000000004</ele>
   </trkpt>
   <trkpt lat="49.27253" lon="-122.91428">
    <ele>287.96000000000004</ele>
   </trkpt>
   <trkpt lat="49.27253" lon="-122.91432">
    <ele>287.96000000000004</ele>
   </trkpt>
   <trkpt lat="49.272490000000005" lon="-122.91432">
    <ele>287.96000000000004</ele>
   </trkpt>
   <trkpt lat="49.27246" lon="-122.91428">
    <ele>285.24000000000007</ele>
   </trkpt>
   <trkpt lat="49.27243000000001" lon="-122.9141">
    <ele>284.38</ele>
   </trkpt>
   <trkpt lat="49.272400000000005" lon="-122.91404000000001">
    <ele>282.81</ele>
   </trkpt>
   <trkpt lat="49.27226" lon="-122.91396">
    <ele>280.96999999999997</ele>
   </trkpt>
   <trkpt lat="49.272130000000004" lon="-122.91365">
    <ele>282.03</ele>
   </trkpt>
   <trkpt lat="49.27207000000001" lon="-122.91343">
    <ele>281.67</ele>
   </trkpt>
   <trkpt lat="49.271950000000004" lon="-122.91324000000002">
    <ele>278.46999999999997</ele>
   </trkpt>
   <trkpt lat="49.27168" lon="-122.91267">
    <ele>272.34000000000003</ele>
   </trkpt>
   <trkpt lat="49.271530000000006" lon="-122.91244">
    <ele>270.63000000000005</ele>
   </trkpt>
   <trkpt lat="49.271420000000006" lon="-122.91217">
    <ele>269.37</ele>
   </trkpt>
   <trkpt lat="49.271370000000005" lon="-122.91199">
    <ele>268.79</ele>
   </trkpt>
   <trkpt lat="49.27134" lon="-122.91168">
    <ele>269.01000000000005</ele>
   </trkpt>
   <trkpt lat="49.271280000000004" lon="-122.91144000000001">
    <ele>268.99</ele>
   </trkpt>
   <trkpt lat="49.27125" lon="-122.91171000000001">
    <ele>268.11</ele>
   </trkpt>
   <trkpt lat="49.27125" lon="-122.91172000000002">
    <ele>268.09</ele>
   </trkpt>
   <trkpt lat="49.271280000000004" lon="-122.91144000000001">
    <ele>268.99</ele>
   </trkpt>
   <trkpt lat="49.27125" lon="-122.91128">
    <ele>268.41</ele>
   </trkpt>
   <trkpt lat="49.27125" lon="-122.91119">
    <ele>268.34000000000003</ele>
   </trkpt>
   <trkpt lat="49.271300000000004" lon="-122.91092">
    <ele>268.5</ele>
   </trkpt>
   <trkpt lat="49.271300000000004" lon="-122.91079">
    <ele>268.13000000000005</ele>
   </trkpt>
   <trkpt lat="49.271240000000006" lon="-122.91060000000002">
    <ele>266.05</ele>
   </trkpt>
   <trkpt lat="49.271260000000005" lon="-122.91035000000001">
    <ele>264.83</ele>
   </trkpt>
   <trkpt lat="49.27131000000001" lon="-122.91025">
    <ele>264.6</ele>
   </trkpt>
   <trkpt lat="49.27147" lon="-122.91003">
    <ele>265.64000000000004</ele>
   </trkpt>
   <trkpt lat="49.27156" lon="-122.90985">
    <ele>265.75000000000006</ele>
   </trkpt>
   <trkpt lat="49.27156" lon="-122.90963">
    <ele>264.56</ele>
   </trkpt>
   <trkpt lat="49.27154" lon="-122.90951000000001">
    <ele>264.17</ele>
   </trkpt>
   <trkpt lat="49.2715" lon="-122.90935">
    <ele>261.87000000000006</ele>
   </trkpt>
   <trkpt lat="49.27159" lon="-122.90935">
    <ele>261.76000000000005</ele>
   </trkpt>
   <trkpt lat="49.271660000000004" lon="-122.90931">
    <ele>262.34000000000003</ele>
   </trkpt>
   <trkpt lat="49.27167000000001" lon="-122.90882">
    <ele>267.71</ele>
   </trkpt>
   <trkpt lat="49.271860000000004" lon="-122.90802000000001">
    <ele>267.68</ele>
   </trkpt>
   <trkpt lat="49.27192" lon="-122.90761">
    <ele>267.21</ele>
   </trkpt>
   <trkpt lat="49.271930000000005" lon="-122.90711">
    <ele>262.84000000000003</ele>
   </trkpt>
   <trkpt lat="49.271980000000006" lon="-122.90668000000001">
    <ele>260.52000000000004</ele>
   </trkpt>
   <trkpt lat="49.271950000000004" lon="-122.9064">
    <ele>255.87000000000003</ele>
   </trkpt>
   <trkpt lat="49.271950000000004" lon="-122.90610000000001">
    <ele>253.0</ele>
   </trkpt>
   <trkpt lat="49.27196000000001" lon="-122.90595">
    <ele>252.38</ele>
   </trkpt>
   <trkpt lat="49.27199" lon="-122.90586">
    <ele>252.26000000000005</ele>
   </trkpt>
   <trkpt lat="49.27217" lon="-122.90554000000002">
    <ele>250.96</ele>
   </trkpt>
   <trkpt lat="49.27232" lon="-122.90515">
    <ele>250.32999999999998</ele>
   </trkpt>
   <trkpt lat="49.272450000000006" lon="-122.90488">
    <ele>249.88000000000002</ele>
   </trkpt>
   <trkpt lat="49.272510000000004" lon="-122.90483">
    <ele>250.53000000000003</ele>
   </trkpt>
   <trkpt lat="49.27266" lon="-122.90474">
    <ele>253.54999999999998</ele>
   </trkpt>
   <trkpt lat="49.273" lon="-122.90434">
    <ele>257.79</ele>
   </trkpt>
   <trkpt lat="49.27326" lon="-122.90408000000001">
    <ele>263.16</ele>
   </trkpt>
   <trkpt lat="49.27351" lon="-122.90393000000002">
    <ele>268.45</ele>
   </trkpt>
   <trkpt lat="49.27373000000001" lon="-122.90368000000001">
    <ele>269.73</ele>
   </trkpt>
   <trkpt lat="49.27405000154336" lon="-122.90309000375126">
    <ele>268.04</ele>
   </trkpt>
   <trkpt lat="49.274370000000005" lon="-122.9025">
    <ele>266.07000000000005</ele>
   </trkpt>
   <trkpt lat="49.27456" lon="-122.90219">
    <ele>267.90000000000003</ele>
   </trkpt>
   <trkpt lat="49.274640000000005" lon="-122.90214000000002">
    <ele>269.01000000000005</ele>
   </trkpt>
   <trkpt lat="49.2747" lon="-122.90211000000001">
    <ele>270.28000000000003</ele>
   </trkpt>
   <trkpt lat="49.27485" lon="-122.90215">
    <ele>275.64</ele>
   </trkpt>
   <trkpt lat="49.27496000000001" lon="-122.90214000000002">
    <ele>278.55</ele>
   </trkpt>
   <trkpt lat="49.27521" lon="-122.90198000000001">
    <ele>283.68000000000006</ele>
   </trkpt>
   <trkpt lat="49.2753" lon="-122.90196000000002">
    <ele>285.75</ele>
   </trkpt>
   <trkpt lat="49.27543000000001" lon="-122.90196000000002">
    <ele>288.05</ele>
   </trkpt>
   <trkpt lat="49.275650000000006" lon="-122.90178000000002">
    <ele>289.40000000000003</ele>
   </trkpt>
   <trkpt lat="49.27573" lon="-122.90167000000001">
    <ele>289.79</ele>
   </trkpt>
   <trkpt lat="49.2757" lon="-122.90195000000001">
    <ele>292.57</ele>
   </trkpt>
   <trkpt lat="49.2757" lon="-122.90192">
    <ele>292.58</ele>
   </trkpt>
   <trkpt lat="49.27573" lon="-122.90167000000001">
    <ele>289.79</ele>
   </trkpt>
   <trkpt lat="49.27595" lon="-122.90143">
    <ele>288.69</ele>
   </trkpt>
   <trkpt lat="49.27629" lon="-122.90112">
    <ele>289.16</ele>
   </trkpt>
   <trkpt lat="49.27668500079751" lon="-122.90071500315139">
    <ele>288.51000000000005</ele>
   </trkpt>
   <trkpt lat="49.277080000000005" lon="-122.90031">
    <ele>287.05</ele>
   </trkpt>
   <trkpt lat="49.277150000000006" lon="-122.90019000000001">
    <ele>284.71000000000004</ele>
   </trkpt>
   <trkpt lat="49.277260000000005" lon="-122.89990000000002">
    <ele>281.99</ele>
   </trkpt>
   <trkpt lat="49.277330000000006" lon="-122.89977">
    <ele>278.21</ele>
   </trkpt>
   <trkpt lat="49.27749000000001" lon="-122.8995">
    <ele>273.90000000000003</ele>
   </trkpt>
   <trkpt lat="49.27763" lon="-122.89933">
    <ele>271.35</ele>
   </trkpt>
   <trkpt lat="49.277800000000006" lon="-122.89924">
    <ele>270.09</ele>
   </trkpt>
   <trkpt lat="49.278240000000004" lon="-122.89907000000001">
    <ele>268.51000000000005</ele>
   </trkpt>
   <trkpt lat="49.278690000000005" lon="-122.89897">
    <ele>263.56</ele>
   </trkpt>
   <trkpt lat="49.278870000000005" lon="-122.89897">
    <ele>262.97</ele>
   </trkpt>
   <trkpt lat="49.27908000000001" lon="-122.89901">
    <ele>262.12</ele>
   </trkpt>
   <trkpt lat="49.279340000000005" lon="-122.8991">
    <ele>257.76000000000005</ele>
   </trkpt>
   <trkpt lat="49.279450000000004" lon="-122.89916000000001">
    <ele>257.15999999999997</ele>
   </trkpt>
   <trkpt lat="49.27962" lon="-122.89937">
    <ele>257.11</ele>
   </trkpt>
   <trkpt lat="49.279680000000006" lon="-122.89941">
    <ele>256.64000000000004</ele>
   </trkpt>
   <trkpt lat="49.27984000000001" lon="-122.89947000000001">
    <ele>252.82999999999998</ele>
   </trkpt>
   <trkpt lat="49.28" lon="-122.89955">
    <ele>249.38000000000002</ele>
   </trkpt>
   <trkpt lat="49.28005" lon="-122.89951">
    <ele>246.8</ele>
   </trkpt>
   <trkpt lat="49.28004000000001" lon="-122.89937">
    <ele>241.26000000000002</ele>
   </trkpt>
   <trkpt lat="49.28011" lon="-122.89928">
    <ele>241.26000000000002</ele>
   </trkpt>
   <trkpt lat="49.280590000000004" lon="-122.89955">
    <ele>225.81</ele>
   </trkpt>
   <trkpt lat="49.28063" lon="-122.8995">
    <ele>225.81</ele>
   </trkpt>
   <trkpt lat="49.280570000000004" lon="-122.89936000000002">
    <ele>218.76000000000002</ele>
   </trkpt>
   <trkpt lat="49.280590000000004" lon="-122.89929000000001">
    <ele>218.76000000000002</ele>
   </trkpt>
   <trkpt lat="49.28072" lon="-122.89940000000001">
    <ele>214.94000000000003</ele>
   </trkpt>
   <trkpt lat="49.280950000000004" lon="-122.89996000000001">
    <ele>218.87</ele>
   </trkpt>
   <trkpt lat="49.28128" lon="-122.90089">
    <ele>226.60000000000002</ele>
   </trkpt>
   <trkpt lat="49.28144500199323" lon="-122.90155999798714">
    <ele>233.45000000000002</ele>
   </trkpt>
   <trkpt lat="49.28161" lon="-122.90223">
    <ele>237.25</ele>
   </trkpt>
   <trkpt lat="49.281890000000004" lon="-122.90313">
    <ele>243.37000000000003</ele>
   </trkpt>
   <trkpt lat="49.282050000000005" lon="-122.90377000000001">
    <ele>247.96</ele>
   </trkpt>
   <trkpt lat="49.282160000000005" lon="-122.90438">
    <ele>251.56</ele>
   </trkpt>
   <trkpt lat="49.28206" lon="-122.90475">
    <ele>254.23000000000002</ele>
   </trkpt>
   <trkpt lat="49.28210000000001" lon="-122.90479">
    <ele>255.52</ele>
   </trkpt>
   <trkpt lat="49.28217" lon="-122.90483">
    <ele>255.52</ele>
   </trkpt>
   <trkpt lat="49.28219000000001" lon="-122.90493000000001">
    <ele>256.56</ele>
   </trkpt>
   <trkpt lat="49.282180000000004" lon="-122.90506">
    <ele>257.91</ele>
   </trkpt>
   <trkpt lat="49.28211" lon="-122.90528">
    <ele>262.07</ele>
   </trkpt>
   <trkpt lat="49.282090000000004" lon="-122.90541">
    <ele>262.07</ele>
   </trkpt>
   <trkpt lat="49.28211" lon="-122.90551">
    <ele>262.07</ele>
   </trkpt>
   <trkpt lat="49.28224" lon="-122.90559">
    <ele>267.21</ele>
   </trkpt>
   <trkpt lat="49.282300000000006" lon="-122.90569">
    <ele>267.21</ele>
   </trkpt>
   <trkpt lat="49.28233" lon="-122.90635">
    <ele>277.91</ele>
   </trkpt>
   <trkpt lat="49.28229" lon="-122.90659000000001">
    <ele>285.17</ele>
   </trkpt>
   <trkpt lat="49.282320000000006" lon="-122.9073">
    <ele>292.23</ele>
   </trkpt>
   <trkpt lat="49.282230000000006" lon="-122.90797">
    <ele>304.74</ele>
   </trkpt>
   <trkpt lat="49.28208" lon="-122.90836000000002">
    <ele>310.31</ele>
   </trkpt>
   <trkpt lat="49.28191" lon="-122.90868">
    <ele>313.25</ele>
   </trkpt>
   <trkpt lat="49.281740000000006" lon="-122.90873">
    <ele>318.76000000000005</ele>
   </trkpt>
   <trkpt lat="49.28161" lon="-122.90895">
    <ele>320.94</ele>
   </trkpt>
   <trkpt lat="49.28116000000001" lon="-122.9094">
    <ele>337.15</ele>
   </trkpt>
   <trkpt lat="49.28103" lon="-122.90956000000001">
    <ele>340.14000000000004</ele>
   </trkpt>
   <trkpt lat="49.28103" lon="-122.9094">
    <ele>341.75000000000006</ele>
   </trkpt>
   <trkpt lat="49.2811" lon="-122.90878000000001">
    <ele>344.76</ele>
   </trkpt>
   <trkpt lat="49.28108" lon="-122.90851">
    <ele>346.48</ele>
   </trkpt>
   <trkpt lat="49.281060000000004" lon="-122.90846">
    <ele>346.88</ele>
   </trkpt>
   <trkpt lat="49.281000000000006" lon="-122.90840000000001">
    <ele>347.48</ele>
   </trkpt>
   <trkpt lat="49.281000000000006" lon="-122.9086">
    <ele>347.63000000000005</ele>
   </trkpt>
   <trkpt lat="49.2809" lon="-122.90922">
    <ele>347.68000000000006</ele>
   </trkpt>
   <trkpt lat="49.2809" lon="-122.90923000000001">
    <ele>347.68000000000006</ele>
   </trkpt>
   <trkpt lat="49.281000000000006" lon="-122.9086">
    <ele>347.63000000000005</ele>
   </trkpt>
   <trkpt lat="49.28101" lon="-122.90819">
    <ele>347.42</ele>
   </trkpt>
   <trkpt lat="49.2809" lon="-122.90739">
    <ele>347.16</ele>
   </trkpt>
   <trkpt lat="49.28068500315828" lon="-122.90653499628885">
    <ele>345.33000000000004</ele>
   </trkpt>
   <trkpt lat="49.28047" lon="-122.90568">
    <ele>342.76</ele>
   </trkpt>
   <trkpt lat="49.28029" lon="-122.90474">
    <ele>339.66</ele>
   </trkpt>
   <trkpt lat="49.28016" lon="-122.90434">
    <ele>339.16</ele>
   </trkpt>
   <trkpt lat="49.27993000000001" lon="-122.90386000000001">
    <ele>337.97</ele>
   </trkpt>
   <trkpt lat="49.27949" lon="-122.90329000000001">
    <ele>336.99</ele>
   </trkpt>
   <trkpt lat="49.27929" lon="-122.90310000000001">
    <ele>336.74</ele>
   </trkpt>
   <trkpt lat="49.27906" lon="-122.90292000000001">
    <ele>336.47</ele>
   </trkpt>
   <trkpt lat="49.27866" lon="-122.90277">
    <ele>336.32</ele>
   </trkpt>
   <trkpt lat="49.27835" lon="-122.90273">
    <ele>335.37</ele>
   </trkpt>
   <trkpt lat="49.27816000000001" lon="-122.90273">
    <ele>335.37</ele>
   </trkpt>
   <trkpt lat="49.27807000000001" lon="-122.90277">
    <ele>335.37</ele>
   </trkpt>
   <trkpt lat="49.277890000000006" lon="-122.90277">
    <ele>335.19000000000005</ele>
   </trkpt>
   <trkpt lat="49.27760000000001" lon="-122.90291">
    <ele>334.8</ele>
   </trkpt>
   <trkpt lat="49.277590000000004" lon="-122.90291">
    <ele>334.8</ele>
   </trkpt>
   <trkpt lat="49.27741" lon="-122.90301000000001">
    <ele>334.47</ele>
   </trkpt>
   <trkpt lat="49.277350000000006" lon="-122.90309">
    <ele>334.47</ele>
   </trkpt>
   <trkpt lat="49.27718" lon="-122.90319000000001">
    <ele>334.47</ele>
   </trkpt>
   <trkpt lat="49.27666000138611" lon="-122.90376500610687">
    <ele>333.22</ele>
   </trkpt>
   <trkpt lat="49.276140000000005" lon="-122.90434">
    <ele>332.32</ele>
   </trkpt>
   <trkpt lat="49.276030000000006" lon="-122.90457">
    <ele>331.81000000000006</ele>
   </trkpt>
   <trkpt lat="49.27590000000001" lon="-122.90469000000002">
    <ele>331.25000000000006</ele>
   </trkpt>
   <trkpt lat="49.275780000000005" lon="-122.90483">
    <ele>330.59000000000003</ele>
   </trkpt>
   <trkpt lat="49.2753" lon="-122.90556000000001">
    <ele>326.09000000000003</ele>
   </trkpt>
   <trkpt lat="49.27503" lon="-122.90602000000001">
    <ele>322.39</ele>
   </trkpt>
   <trkpt lat="49.275020000000005" lon="-122.90595">
    <ele>322.01</ele>
   </trkpt>
   <trkpt lat="49.27507000000001" lon="-122.90572000000002">
    <ele>320.38000000000005</ele>
   </trkpt>
   <trkpt lat="49.275180000000006" lon="-122.9055">
    <ele>319.48</ele>
   </trkpt>
   <trkpt lat="49.27532" lon="-122.9051">
    <ele>318.93000000000006</ele>
   </trkpt>
   <trkpt lat="49.27539" lon="-122.90456">
    <ele>317.15000000000003</ele>
   </trkpt>
   <trkpt lat="49.275490000000005" lon="-122.90425">
    <ele>315.20000000000005</ele>
   </trkpt>
   <trkpt lat="49.27554000000001" lon="-122.90381000000001">
    <ele>312.41</ele>
   </trkpt>
   <trkpt lat="49.275850000000005" lon="-122.90309">
    <ele>307.98</ele>
   </trkpt>
   <trkpt lat="49.27595" lon="-122.90273">
    <ele>304.18</ele>
   </trkpt>
   <trkpt lat="49.27599000000001" lon="-122.90229000000001">
    <ele>300.21000000000004</ele>
   </trkpt>
   <trkpt lat="49.27575" lon="-122.90223">
    <ele>296.92</ele>
   </trkpt>
   <trkpt lat="49.2757" lon="-122.90192">
    <ele>291.86</ele>
   </trkpt>
   <trkpt lat="49.27573" lon="-122.90167000000001">
    <ele>289.79</ele>
   </trkpt>
   <trkpt lat="49.275650000000006" lon="-122.90178000000002">
    <ele>289.40000000000003</ele>
   </trkpt>
   <trkpt lat="49.27564" lon="-122.90166">
    <ele>288.16</ele>
   </trkpt>
   <trkpt lat="49.275920000000006" lon="-122.90111000000002">
    <ele>283.45000000000005</ele>
   </trkpt>
   <trkpt lat="49.275980000000004" lon="-122.90086000000001">
    <ele>280.29</ele>
   </trkpt>
   <trkpt lat="49.27593" lon="-122.9008">
    <ele>279.41</ele>
   </trkpt>
   <trkpt lat="49.27577" lon="-122.90071">
    <ele>274.40000000000003</ele>
   </trkpt>
   <trkpt lat="49.2755" lon="-122.90072">
    <ele>269.93</ele>
   </trkpt>
   <trkpt lat="49.27554000000001" lon="-122.9004">
    <ele>263.08000000000004</ele>
   </trkpt>
   <trkpt lat="49.275380000000006" lon="-122.90029000000001">
    <ele>259.61</ele>
   </trkpt>
   <trkpt lat="49.27546" lon="-122.90013">
    <ele>257.21</ele>
   </trkpt>
   <trkpt lat="49.27568" lon="-122.89999000000002">
    <ele>255.5</ele>
   </trkpt>
   <trkpt lat="49.27575" lon="-122.89983000000001">
    <ele>254.12</ele>
   </trkpt>
   <trkpt lat="49.275600000000004" lon="-122.89981000000002">
    <ele>250.93000000000004</ele>
   </trkpt>
   <trkpt lat="49.27546" lon="-122.89986">
    <ele>248.77</ele>
   </trkpt>
   <trkpt lat="49.275290000000005" lon="-122.89974000000001">
    <ele>244.24</ele>
   </trkpt>
   <trkpt lat="49.275510000000004" lon="-122.8996">
    <ele>241.42000000000002</ele>
   </trkpt>
   <trkpt lat="49.27562" lon="-122.89929000000001">
    <ele>238.76000000000002</ele>
   </trkpt>
   <trkpt lat="49.275490000000005" lon="-122.89929000000001">
    <ele>235.47</ele>
   </trkpt>
   <trkpt lat="49.27526" lon="-122.89924">
    <ele>231.65</ele>
   </trkpt>
   <trkpt lat="49.274930000000005" lon="-122.89909000000002">
    <ele>223.20000000000002</ele>
   </trkpt>
   <trkpt lat="49.27492" lon="-122.89908000000001">
    <ele>222.97000000000003</ele>
   </trkpt>
   <trkpt lat="49.27479" lon="-122.89915">
    <ele>220.19000000000003</ele>
   </trkpt>
   <trkpt lat="49.274750000000004" lon="-122.89914000000002">
    <ele>220.19000000000003</ele>
   </trkpt>
   <trkpt lat="49.27469000000001" lon="-122.89915">
    <ele>216.93</ele>
   </trkpt>
   <trkpt lat="49.27461" lon="-122.89925000000001">
    <ele>216.07000000000002</ele>
   </trkpt>
   <trkpt lat="49.27438" lon="-122.89938000000001">
    <ele>211.57</ele>
   </trkpt>
   <trkpt lat="49.27414" lon="-122.89941">
    <ele>208.50000000000003</ele>
   </trkpt>
   <trkpt lat="49.274100000000004" lon="-122.89928">
    <ele>202.78</ele>
   </trkpt>
   <trkpt lat="49.27404000000001" lon="-122.89928">
    <ele>201.58</ele>
   </trkpt>
   <trkpt lat="49.27389" lon="-122.89932">
    <ele>197.9</ele>
   </trkpt>
   <trkpt lat="49.2738" lon="-122.89938000000001">
    <ele>194.61</ele>
   </trkpt>
   <trkpt lat="49.273700000000005" lon="-122.89942">
    <ele>192.52</ele>
   </trkpt>
   <trkpt lat="49.273590000000006" lon="-122.89959">
    <ele>189.68</ele>
   </trkpt>
   <trkpt lat="49.27353" lon="-122.89964">
    <ele>188.26000000000002</ele>
   </trkpt>
   <trkpt lat="49.27344" lon="-122.89964">
    <ele>187.71</ele>
   </trkpt>
   <trkpt lat="49.27337000000001" lon="-122.89969">
    <ele>186.25000000000003</ele>
   </trkpt>
   <trkpt lat="49.27322" lon="-122.89977">
    <ele>184.42000000000002</ele>
   </trkpt>
   <trkpt lat="49.27291" lon="-122.90004">
    <ele>175.57</ele>
   </trkpt>
   <trkpt lat="49.27266" lon="-122.90031">
    <ele>170.03</ele>
   </trkpt>
   <trkpt lat="49.27253" lon="-122.9004">
    <ele>168.59</ele>
   </trkpt>
   <trkpt lat="49.27239" lon="-122.90045">
    <ele>166.24</ele>
   </trkpt>
   <trkpt lat="49.272400000000005" lon="-122.90043000000001">
    <ele>166.02</ele>
   </trkpt>
   <trkpt lat="49.27239" lon="-122.90045">
    <ele>166.24</ele>
   </trkpt>
   <trkpt lat="49.272450000000006" lon="-122.90031">
    <ele>164.98000000000002</ele>
   </trkpt>
   <trkpt lat="49.27252000000001" lon="-122.89986">
    <ele>162.68</ele>
   </trkpt>
   <trkpt lat="49.272710000000004" lon="-122.89907000000001">
    <ele>158.87</ele>
   </trkpt>
   <trkpt lat="49.27282" lon="-122.89817000000001">
    <ele>153.73</ele>
   </trkpt>
   <trkpt lat="49.27311" lon="-122.89713">
    <ele>150.09</ele>
   </trkpt>
   <trkpt lat="49.273140000000005" lon="-122.89673">
    <ele>147.92000000000002</ele>
   </trkpt>
   <trkpt lat="49.27310000000001" lon="-122.89642">
    <ele>147.33</ele>
   </trkpt>
   <trkpt lat="49.27308000000001" lon="-122.89592">
    <ele>147.23</ele>
   </trkpt>
   <trkpt lat="49.27297" lon="-122.89564000000001">
    <ele>145.95000000000002</ele>
   </trkpt>
   <trkpt lat="49.27281000000001" lon="-122.89560000000002">
    <ele>144.45000000000002</ele>
   </trkpt>
   <trkpt lat="49.27277" lon="-122.89554000000001">
    <ele>144.45000000000002</ele>
   </trkpt>
   <trkpt lat="49.27259" lon="-122.89552">
    <ele>144.0</ele>
   </trkpt>
   <trkpt lat="49.272510000000004" lon="-122.89541000000001">
    <ele>143.26</ele>
   </trkpt>
   <trkpt lat="49.272330000000004" lon="-122.89551000000002">
    <ele>142.4</ele>
   </trkpt>
   <trkpt lat="49.27199" lon="-122.89556">
    <ele>136.92000000000002</ele>
   </trkpt>
   <trkpt lat="49.27161" lon="-122.8957">
    <ele>134.92000000000002</ele>
   </trkpt>
   <trkpt lat="49.27143" lon="-122.89574">
    <ele>131.21</ele>
   </trkpt>
   <trkpt lat="49.27082" lon="-122.89569000000002">
    <ele>124.28000000000002</ele>
   </trkpt>
   <trkpt lat="49.270390000000006" lon="-122.89569000000002">
    <ele>119.62</ele>
   </trkpt>
   <trkpt lat="49.270230000000005" lon="-122.89565">
    <ele>118.69</ele>
   </trkpt>
   <trkpt lat="49.27" lon="-122.89541000000001">
    <ele>117.56</ele>
   </trkpt>
   <trkpt lat="49.269830000000006" lon="-122.89581000000001">
    <ele>112.74000000000001</ele>
   </trkpt>
   <trkpt lat="49.27" lon="-122.89541000000001">
    <ele>117.56</ele>
   </trkpt>
   <trkpt lat="49.270030000000006" lon="-122.89521">
    <ele>117.56</ele>
   </trkpt>
   <trkpt lat="49.27015" lon="-122.89494">
    <ele>121.96000000000001</ele>
   </trkpt>
   <trkpt lat="49.270360000000004" lon="-122.89417000000002">
    <ele>124.41000000000001</ele>
   </trkpt>
   <trkpt lat="49.27042" lon="-122.89383000000001">
    <ele>124.86000000000001</ele>
   </trkpt>
   <trkpt lat="49.270430000000005" lon="-122.89349000000001">
    <ele>124.84</ele>
   </trkpt>
  </trkseg>
 </trk>
</gpx>
